DATE,AGE_RANGE,AR_CASECOUNT,AR_TOTALPERCENT,NEW_ARCASES,AR_NEWPERCENT,AR_TOTALDEATHS,AR_NEWDEATHS
2020-03-19,0-10 years,2,0.01,2,0.012987012987013,NA,NA
2020-03-19,11-20 years,9,0.06,9,0.0584415584415584,NA,NA
2020-03-19,21-30 years,43,0.28,43,0.279220779220779,NA,NA
2020-03-19,31-40 years,32,0.21,32,0.207792207792208,NA,NA
2020-03-19,41-50 years,24,0.16,24,0.155844155844156,NA,NA
2020-03-19,51-60 years,18,0.12,18,0.116883116883117,NA,NA
2020-03-19,61-70 years,10,0.06,10,0.0649350649350649,NA,NA
2020-03-19,71-80 years,8,0.05,8,0.051948051948052,NA,NA
2020-03-19,81+ years,8,0.05,8,0.051948051948052,NA,NA
2020-03-20,0-10 years,3,0.01,1,0.0135135135135135,NA,NA
2020-03-20,11-20 years,12,0.05,3,0.0405405405405405,NA,NA
2020-03-20,21-30 years,72,0.32,29,0.391891891891892,NA,NA
2020-03-20,31-40 years,47,0.21,15,0.202702702702703,NA,NA
2020-03-20,41-50 years,35,0.15,11,0.148648648648649,NA,NA
2020-03-20,51-60 years,26,0.11,8,0.108108108108108,NA,NA
2020-03-20,61-70 years,16,0.07,6,0.0810810810810811,NA,NA
2020-03-20,71-80 years,13,0.06,5,0.0675675675675676,NA,NA
2020-03-20,81+ years,4,0.02,-4,-0.0540540540540541,NA,NA
2020-03-21,0-10 years,4,0.01,1,0.00699300699300699,NA,NA
2020-03-21,11-20 years,20,0.05,8,0.0559440559440559,NA,NA
2020-03-21,21-30 years,122,0.33,50,0.34965034965035,NA,NA
2020-03-21,31-40 years,59,0.16,12,0.0839160839160839,NA,NA
2020-03-21,41-50 years,60,0.16,25,0.174825174825175,NA,NA
2020-03-21,51-60 years,46,0.12,20,0.13986013986014,NA,NA
2020-03-21,61-70 years,31,0.08,15,0.104895104895105,NA,NA
2020-03-21,71-80 years,20,0.05,7,0.048951048951049,NA,NA
2020-03-21,81+ years,5,0.01,1,0.00699300699300699,NA,NA
2020-03-21,Pending,4,0.01,4,0.027972027972028,NA,NA
2020-03-22,0-10 years,6,0.01,2,0.0149253731343284,NA,NA
2020-03-22,11-20 years,30,0.06,10,0.0746268656716418,NA,NA
2020-03-22,21-30 years,162,0.32,40,0.298507462686567,NA,NA
2020-03-22,31-40 years,88,0.17,29,0.21641791044776101,NA,NA
2020-03-22,41-50 years,74,0.15,14,0.104477611940299,NA,NA
2020-03-22,51-60 years,67,0.13,21,0.156716417910448,NA,NA
2020-03-22,61-70 years,44,0.09,13,0.0970149253731343,NA,NA
2020-03-22,71-80 years,25,0.05,5,0.0373134328358209,NA,NA
2020-03-22,81+ years,8,0.02,3,0.0223880597014925,NA,NA
2020-03-22,Pending,1,0,-3,-0.0223880597014925,NA,NA
2020-03-23,0-10 years,9,0,3,0.0272727272727273,NA,NA
2020-03-23,11-20 years,37,0.0610561056105611,7,0.0636363636363636,NA,NA
2020-03-23,21-30 years,184,0.303630363036304,22,0.2,NA,NA
2020-03-23,31-40 years,116,0.191419141914191,28,0.254545454545455,NA,NA
2020-03-23,41-50 years,82,0.135313531353135,8,0.0727272727272727,NA,NA
2020-03-23,51-60 years,83,0.136963696369637,16,0.145454545454545,NA,NA
2020-03-23,61-70 years,55,0.0907590759075908,11,0.1,NA,NA
2020-03-23,71-80 years,32,0.0528052805280528,7,0.0636363636363636,NA,NA
2020-03-23,81+ years,11,0.0181518151815182,3,0.0272727272727273,NA,NA
2020-03-23,Pending,6,0.0099009900990099,5,0.0454545454545455,NA,NA
2020-03-24,0-10 years,9,0.0148514851485149,0,0,NA,NA
2020-03-24,11-20 years,41,0.01,4,0.0769230769230769,NA,NA
2020-03-24,21-30 years,193,0.02,9,0.173076923076923,NA,NA
2020-03-24,31-40 years,126,0.02,10,0.192307692307692,NA,NA
2020-03-24,41-50 years,89,0.01,7,0.134615384615385,NA,NA
2020-03-24,51-60 years,91,0.01,8,0.153846153846154,NA,NA
2020-03-24,61-70 years,65,0.01,10,0.192307692307692,NA,NA
2020-03-24,71-80 years,34,0,2,0.0384615384615385,NA,NA
2020-03-24,81+ years,12,0,1,0.0192307692307692,NA,NA
2020-03-24,Pending,7,0,1,0.0192307692307692,NA,NA
2020-03-25,0-10 years,12,0.02,3,0.0256410256410256,NA,NA
2020-03-25,11-20 years,46,0.06,5,0.0427350427350427,NA,NA
2020-03-25,21-30 years,224,0.29,31,0.264957264957265,NA,NA
2020-03-25,31-40 years,144,0.18,18,0.153846153846154,NA,NA
2020-03-25,41-50 years,109,0.14,20,0.170940170940171,NA,NA
2020-03-25,51-60 years,105,0.13,14,0.11965811965812,NA,NA
2020-03-25,61-70 years,80,0.1,15,0.128205128205128,NA,NA
2020-03-25,71-80 years,43,0.05,9,0.0769230769230769,NA,NA
2020-03-25,81+ years,14,0.02,2,0.0170940170940171,NA,NA
2020-03-25,Pending,7,0.01,0,0,NA,NA
2020-03-26,0-10 years,13,0.01,1,0.00578034682080925,NA,NA
2020-03-26,11-20 years,56,0.06,10,0.0578034682080925,NA,NA
2020-03-26,21-30 years,260,0.27,36,0.208092485549133,NA,NA
2020-03-26,31-40 years,161,0.17,17,0.0982658959537572,NA,NA
2020-03-26,41-50 years,151,0.16,42,0.242774566473988,NA,NA
2020-03-26,51-60 years,141,0.15,36,0.208092485549133,NA,NA
2020-03-26,61-70 years,96,0.1,16,0.092485549132948,NA,NA
2020-03-26,71-80 years,56,0.06,13,0.0751445086705202,NA,NA
2020-03-26,81+ years,16,0.02,2,0.0115606936416185,NA,NA
2020-03-26,Pending,7,0.01,0,0,NA,NA
2020-03-27,0-10 years,15,0.01,2,0.00813008130081301,NA,NA
2020-03-27,11-20 years,63,0.05,7,0.0284552845528455,NA,NA
2020-03-27,21-30 years,314,0.26,54,0.219512195121951,NA,NA
2020-03-27,31-40 years,194,0.16,33,0.134146341463415,NA,NA
2020-03-27,41-50 years,196,0.16,45,0.182926829268293,NA,NA
2020-03-27,51-60 years,191,0.16,50,0.203252032520325,NA,NA
2020-03-27,61-70 years,126,0.1,30,0.121951219512195,NA,NA
2020-03-27,71-80 years,75,0.06,19,0.0772357723577236,NA,NA
2020-03-27,81+ years,20,0.02,4,0.016260162601626,NA,NA
2020-03-27,Pending,9,0.01,2,0.00813008130081301,NA,NA
2020-03-28,0-10 years,16,0.01,1,0.00588235294117647,NA,NA
2020-03-28,11-20 years,71,0.05,8,0.0470588235294118,NA,NA
2020-03-28,21-30 years,346,0.25,32,0.188235294117647,NA,NA
2020-03-28,31-40 years,221,0.16,27,0.158823529411765,NA,NA
2020-03-28,41-50 years,224,0.16,28,0.164705882352941,NA,NA
2020-03-28,51-60 years,218,0.16,27,0.158823529411765,NA,NA
2020-03-28,61-70 years,153,0.11,27,0.158823529411765,NA,NA
2020-03-28,71-80 years,87,0.06,12,0.0705882352941176,NA,NA
2020-03-28,81+ years,28,0.02,8,0.0470588235294118,NA,NA
2020-03-28,Pending,9,0.01,0,0,NA,NA
2020-03-29,0-10 years,17,0.01,1,0.00609756097560976,NA,NA
2020-03-29,11-20 years,80,0.05,9,0.0548780487804878,NA,NA
2020-03-29,21-30 years,380,0.25,34,0.207317073170732,NA,NA
2020-03-29,31-40 years,239,0.16,18,0.109756097560976,NA,NA
2020-03-29,41-50 years,262,0.17,38,0.231707317073171,NA,NA
2020-03-29,51-60 years,239,0.16,21,0.128048780487805,NA,NA
2020-03-29,61-70 years,176,0.11,23,0.140243902439024,NA,NA
2020-03-29,71-80 years,97,0.06,10,0.0609756097560976,NA,NA
2020-03-29,81+ years,33,0.02,5,0.0304878048780488,NA,NA
2020-03-29,Pending,14,0.01,5,0.0304878048780488,NA,NA
2020-03-30,0-10 years,18,0.01,1,0.00336700336700337,NA,NA
2020-03-30,11-20 years,96,0.05,16,0.0538720538720539,NA,NA
2020-03-30,21-30 years,462,0.25,82,0.276094276094276,NA,NA
2020-03-30,31-40 years,286,0.16,47,0.158249158249158,NA,NA
2020-03-30,41-50 years,299,0.16,37,0.124579124579125,NA,NA
2020-03-30,51-60 years,280,0.15,41,0.138047138047138,NA,NA
2020-03-30,61-70 years,212,0.12,36,0.121212121212121,NA,NA
2020-03-30,71-80 years,120,0.07,23,0.0774410774410774,NA,NA
2020-03-30,81+ years,50,0.03,17,0.0572390572390572,NA,NA
2020-03-30,Pending,11,0.01,-3,-0.0101010101010101,NA,NA
2020-03-31,0-10 years,24,0.01,6,0.0148148148148148,NA,NA
2020-03-31,11-20 years,107,0.05,11,0.0271604938271605,NA,NA
2020-03-31,21-30 years,566,0.25,104,0.25679012345679,NA,NA
2020-03-31,31-40 years,346,0.15,60,0.148148148148148,NA,NA
2020-03-31,41-50 years,351,0.16,52,0.128395061728395,NA,NA
2020-03-31,51-60 years,368,0.16,88,0.217283950617284,NA,NA
2020-03-31,61-70 years,254,0.11,42,0.103703703703704,NA,NA
2020-03-31,71-80 years,144,0.06,24,0.0592592592592593,NA,NA
2020-03-31,81+ years,63,0.03,13,0.0320987654320988,NA,NA
2020-03-31,Pending,16,0.01,5,0.0123456790123457,NA,NA
2020-04-01,0-10 years,33,0.01,9,0.0180722891566265,NA,NA
2020-04-01,11-20 years,131,0.05,24,0.0481927710843374,NA,NA
2020-04-01,21-30 years,637,0.23,71,0.142570281124498,NA,NA
2020-04-01,31-40 years,426,0.16,80,0.160642570281124,NA,NA
2020-04-01,41-50 years,471,0.17,120,0.240963855421687,NA,NA
2020-04-01,51-60 years,456,0.17,88,0.176706827309237,NA,NA
2020-04-01,61-70 years,308,0.11,54,0.108433734939759,NA,NA
2020-04-01,71-80 years,175,0.06,31,0.0622489959839357,NA,NA
2020-04-01,81+ years,79,0.03,16,0.0321285140562249,NA,NA
2020-04-01,Pending,21,0.01,5,0.0100401606425703,NA,NA
2020-04-02,0-10 years,36,0.01,3,0.0277777777777778,NA,NA
2020-04-02,11-20 years,138,0.05,7,0.0648148148148148,NA,NA
2020-04-02,21-30 years,665,0.23,28,0.259259259259259,NA,NA
2020-04-02,31-40 years,456,0.16,30,0.277777777777778,NA,NA
2020-04-02,41-50 years,437,0.15,-34,-0.314814814814815,NA,NA
2020-04-02,51-60 years,484,0.17,28,0.259259259259259,NA,NA
2020-04-02,61-70 years,331,0.12,23,0.212962962962963,NA,NA
2020-04-02,71-80 years,184,0.06,9,0.0833333333333333,NA,NA
2020-04-02,81+ years,97,0.03,18,0.166666666666667,NA,NA
2020-04-02,Pending,17,0.01,-4,-0.037037037037037,NA,NA
2020-04-03,0-10 years,39,0.01,3,0.0135135135135135,NA,NA
2020-04-03,11-20 years,148,0.05,10,0.045045045045045,NA,NA
2020-04-03,21-30 years,693,0.23,28,0.126126126126126,NA,NA
2020-04-03,31-40 years,494,0.16,38,0.171171171171171,NA,NA
2020-04-03,41-50 years,474,0.15,37,0.166666666666667,NA,NA
2020-04-03,51-60 years,544,0.18,60,0.27027027027027,NA,NA
2020-04-03,61-70 years,359,0.12,28,0.126126126126126,NA,NA
2020-04-03,71-80 years,196,0.06,12,0.0540540540540541,NA,NA
2020-04-03,81+ years,105,0.03,8,0.036036036036036,NA,NA
2020-04-03,Pending,15,0,-2,-0.00900900900900901,NA,NA
2020-04-04,0-10 years,43,0.01,4,0.015748031496063,NA,NA
2020-04-04,11-20 years,158,0.05,10,0.0393700787401575,NA,NA
2020-04-04,21-30 years,744,0.22,51,0.200787401574803,NA,NA
2020-04-04,31-40 years,543,0.16,49,0.192913385826772,NA,NA
2020-04-04,41-50 years,510,0.15,36,0.141732283464567,NA,NA
2020-04-04,51-60 years,593,0.18,49,0.192913385826772,NA,NA
2020-04-04,61-70 years,391,0.12,32,0.125984251968504,NA,NA
2020-04-04,71-80 years,205,0.06,9,0.0354330708661417,NA,NA
2020-04-04,81+ years,107,0.03,2,0.0078740157480315,NA,NA
2020-04-04,Pending,27,0.01,12,0.047244094488189,NA,NA
2020-04-05,0-10 years,42,0.01,-1,-0.00320512820512821,NA,NA
2020-04-05,11-20 years,171,0.05,13,0.0416666666666667,NA,NA
2020-04-05,21-30 years,815,0.22,71,0.227564102564103,NA,NA
2020-04-05,31-40 years,608,0.17,65,0.208333333333333,NA,NA
2020-04-05,41-50 years,565,0.16,55,0.176282051282051,NA,NA
2020-04-05,51-60 years,644,0.18,51,0.163461538461538,NA,NA
2020-04-05,61-70 years,431,0.12,40,0.128205128205128,NA,NA
2020-04-05,71-80 years,215,0.06,10,0.032051282051282,NA,NA
2020-04-05,81+ years,118,0.03,11,0.0352564102564103,NA,NA
2020-04-05,Pending,24,0.01,-3,-0.00961538461538462,NA,NA
2020-04-06,0-10 years,45,0.01,3,0.0177514792899408,NA,NA
2020-04-06,11-20 years,183,0.05,12,0.0710059171597633,NA,NA
2020-04-06,21-30 years,846,0.22,31,0.183431952662722,NA,NA
2020-04-06,31-40 years,627,0.16,19,0.112426035502959,NA,NA
2020-04-06,41-50 years,587,0.15,22,0.130177514792899,NA,NA
2020-04-06,51-60 years,679,0.18,35,0.207100591715976,NA,NA
2020-04-06,61-70 years,454,0.12,23,0.136094674556213,NA,NA
2020-04-06,71-80 years,232,0.06,17,0.100591715976331,NA,NA
2020-04-06,81+ years,122,0.03,4,0.0236686390532544,NA,NA
2020-04-06,Pending,27,0.01,3,0.0177514792899408,NA,NA
2020-04-07,0-10 years,52,0.01,7,0.0208333333333333,NA,NA
2020-04-07,11-20 years,198,0.05,15,0.0446428571428571,NA,NA
2020-04-07,21-30 years,905,0.22,59,0.175595238095238,NA,NA
2020-04-07,31-40 years,684,0.17,57,0.169642857142857,NA,NA
2020-04-07,41-50 years,639,0.15,52,0.154761904761905,NA,NA
2020-04-07,51-60 years,755,0.18,76,0.226190476190476,NA,NA
2020-04-07,61-70 years,508,0.12,54,0.160714285714286,NA,NA
2020-04-07,71-80 years,251,0.06,19,0.056547619047619,NA,NA
2020-04-07,81+ years,124,0.03,2,0.00595238095238095,NA,NA
2020-04-07,Pending,22,0.01,-5,-0.0148809523809524,NA,NA
2020-04-08,0-10 years,53,0.01,1,0.00446428571428571,NA,NA
2020-04-08,11-20 years,208,0.05,10,0.0446428571428571,NA,NA
2020-04-08,21-30 years,943,0.22,38,0.169642857142857,NA,NA
2020-04-08,31-40 years,705,0.16,21,0.09375,NA,NA
2020-04-08,41-50 years,674,0.15,35,0.15625,NA,NA
2020-04-08,51-60 years,803,0.18,48,0.214285714285714,NA,NA
2020-04-08,61-70 years,542,0.12,34,0.151785714285714,NA,NA
2020-04-08,71-80 years,268,0.06,17,0.0758928571428571,NA,NA
2020-04-08,81+ years,143,0.03,19,0.0848214285714286,NA,NA
2020-04-08,Pending,23,0.01,1,0.00446428571428571,NA,NA
2020-04-09,0-10 years,51,0.01,-2,-0.00735294117647059,1,NA
2020-04-09,11-20 years,218,0.05,10,0.0367647058823529,0,NA
2020-04-09,21-30 years,991,0.21,48,0.176470588235294,1,NA
2020-04-09,31-40 years,747,0.16,42,0.154411764705882,1,NA
2020-04-09,41-50 years,730,0.16,56,0.205882352941176,5,NA
2020-04-09,51-60 years,845,0.18,42,0.154411764705882,9,NA
2020-04-09,61-70 years,586,0.13,44,0.161764705882353,23,NA
2020-04-09,71-80 years,288,0.06,20,0.0735294117647059,24,NA
2020-04-09,81+ years,156,0.03,13,0.0477941176470588,30,NA
2020-04-09,Pending,22,0,-1,-0.00367647058823529,0,NA
2020-04-10,0-10 years,54,0.01,3,0.0131578947368421,1,0
2020-04-10,11-20 years,226,0.05,8,0.0350877192982456,0,0
2020-04-10,21-30 years,1024,0.21,33,0.144736842105263,1,0
2020-04-10,31-40 years,785,0.16,38,0.166666666666667,1,0
2020-04-10,41-50 years,779,0.16,49,0.214912280701754,5,0
2020-04-10,51-60 years,899,0.18,54,0.236842105263158,9,0
2020-04-10,61-70 years,613,0.13,27,0.118421052631579,26,3
2020-04-10,71-80 years,303,0.06,15,0.0657894736842105,24,0
2020-04-10,81+ years,162,0.03,6,0.0263157894736842,31,1
2020-04-10,Pending,17,0,-5,-0.0219298245614035,0,0
2020-04-11,0-10 years,56,0.01,2,0.00793650793650794,1,0
2020-04-11,11-20 years,240,0.05,14,0.0555555555555556,0,0
2020-04-11,21-30 years,1066,0.21,42,0.166666666666667,1,0
2020-04-11,31-40 years,827,0.16,42,0.166666666666667,1,0
2020-04-11,41-50 years,834,0.16,55,0.218253968253968,5,0
2020-04-11,51-60 years,940,0.18,41,0.162698412698413,9,0
2020-04-11,61-70 years,635,0.12,22,0.0873015873015873,27,1
2020-04-11,71-80 years,320,0.06,17,0.0674603174603175,25,1
2020-04-11,81+ years,179,0.04,17,0.0674603174603175,32,1
2020-04-11,Pending,17,0,0,0,0,0
2020-04-12,0-10 years,61,0.01,5,0.0257731958762887,1,0
2020-04-12,11-20 years,248,0.05,8,0.041237113402061903,0,0
2020-04-12,21-30 years,1112,0.21,46,0.237113402061856,1,0
2020-04-12,31-40 years,851,0.16,24,0.123711340206186,1,0
2020-04-12,41-50 years,866,0.16,32,0.164948453608247,5,0
2020-04-12,51-60 years,986,0.19,46,0.237113402061856,9,0
2020-04-12,61-70 years,665,0.13,30,0.154639175257732,27,0
2020-04-12,71-80 years,328,0.06,8,0.041237113402061903,25,0
2020-04-12,81+ years,178,0.03,-1,-0.00515463917525773,32,0
2020-04-12,Pending,13,0,-4,-0.0206185567010309,0,0
2020-04-13,0-10 years,63,0.01,2,0.00662251655629139,1,0
2020-04-13,11-20 years,258,0.05,10,0.033112582781457,0,0
2020-04-13,21-30 years,1155,0.21,43,0.142384105960265,1,0
2020-04-13,31-40 years,918,0.16,67,0.221854304635762,1,0
2020-04-13,41-50 years,925,0.16,59,0.195364238410596,6,1
2020-04-13,51-60 years,1047,0.19,61,0.201986754966887,9,0
2020-04-13,61-70 years,699,0.12,34,0.112582781456954,28,1
2020-04-13,71-80 years,344,0.06,16,0.0529801324503311,28,3
2020-04-13,81+ years,190,0.03,12,0.0397350993377483,35,3
2020-04-13,Pending,11,0,-2,-0.00662251655629139,0,0
2020-04-14,0-10 years,68,0.01,5,0.0234741784037559,1,0
2020-04-14,11-20 years,270,0.05,12,0.0563380281690141,0,0
2020-04-14,21-30 years,1189,0.2,34,0.15962441314554,1,0
2020-04-14,31-40 years,954,0.16,36,0.169014084507042,1,0
2020-04-14,41-50 years,965,0.17,40,0.187793427230047,7,1
2020-04-14,51-60 years,1074,0.18,27,0.126760563380282,11,2
2020-04-14,61-70 years,731,0.13,32,0.150234741784038,29,1
2020-04-14,71-80 years,353,0.06,9,0.0422535211267606,32,4
2020-04-14,81+ years,199,0.03,9,0.0422535211267606,42,7
2020-04-14,Pending,20,0,9,0.0422535211267606,0,0
2020-04-15,0-10 years,70,0.01,2,0.0078125,1,0
2020-04-15,11-20 years,272,0.04,2,0.0078125,0,0
2020-04-15,21-30 years,1189,0.2,0,0,1,0
2020-04-15,31-40 years,958,0.16,4,0.015625,1,0
2020-04-15,41-50 years,969,0.16,4,0.015625,7,0
2020-04-15,51-60 years,1076,0.18,2,0.0078125,14,3
2020-04-15,61-70 years,731,0.12,0,0,34,5
2020-04-15,71-80 years,353,0.06,0,0,33,1
2020-04-15,81+ years,197,0.03,-2,-0.0078125,44,2
2020-04-15,Pending,264,0.04,244,0.953125,0,0
2020-04-16,0-10 years,73,0.01,3,0.0163934426229508,1,0
2020-04-16,11-20 years,302,0.05,30,0.163934426229508,0,0
2020-04-16,21-30 years,1266,0.2,77,0.420765027322404,1,0
2020-04-16,31-40 years,1037,0.17,79,0.431693989071038,1,0
2020-04-16,41-50 years,1061,0.17,92,0.502732240437158,7,0
2020-04-16,51-60 years,1152,0.18,76,0.415300546448087,14,0
2020-04-16,61-70 years,772,0.12,41,0.224043715846995,34,0
2020-04-16,71-80 years,371,0.06,18,0.0983606557377049,34,1
2020-04-16,81+ years,208,0.03,11,0.0601092896174863,49,5
2020-04-16,Pending,20,0,-244,-1.33333333333333,0,0
2020-04-17,0-10 years,84,0.01,11,0.0336391437308868,1,0
2020-04-17,11-20 years,327,0.05,25,0.0764525993883792,0,0
2020-04-17,21-30 years,1323,0.2,57,0.174311926605505,1,0
2020-04-17,31-40 years,1101,0.17,64,0.195718654434251,1,0
2020-04-17,41-50 years,1109,0.17,48,0.146788990825688,7,0
2020-04-17,51-60 years,1213,0.18,61,0.186544342507645,14,0
2020-04-17,61-70 years,813,0.12,41,0.125382262996942,34,0
2020-04-17,71-80 years,386,0.06,15,0.0458715596330275,36,2
2020-04-17,81+ years,211,0.03,3,0.00917431192660551,48,-1
2020-04-17,Pending,22,0,2,0.00611620795107034,0,0
2020-04-18,0-10 years,84,0.01,0,0,1,0
2020-04-18,11-20 years,342,0.05,15,0.0867052023121387,0,0
2020-04-18,21-30 years,1353,0.2,30,0.173410404624277,1,0
2020-04-18,31-40 years,1144,0.17,43,0.248554913294798,1,0
2020-04-18,41-50 years,1138,0.17,29,0.167630057803468,7,0
2020-04-18,51-60 years,1236,0.18,23,0.132947976878613,14,0
2020-04-18,61-70 years,821,0.12,8,0.046242774566474,35,1
2020-04-18,71-80 years,401,0.06,15,0.0867052023121387,38,2
2020-04-18,81+ years,220,0.03,9,0.0520231213872832,48,0
2020-04-18,Pending,23,0,1,0.00578034682080925,0,0
2020-04-19,0-10 years,98,0.01,14,0.0454545454545455,1,0
2020-04-19,11-20 years,379,0.05,37,0.12012987012987,0,0
2020-04-19,21-30 years,1422,0.2,69,0.224025974025974,1,0
2020-04-19,31-40 years,1205,0.17,61,0.198051948051948,1,0
2020-04-19,41-50 years,1194,0.17,56,0.181818181818182,8,1
2020-04-19,51-60 years,1282,0.18,46,0.149350649350649,14,0
2020-04-19,61-70 years,842,0.12,21,0.0681818181818182,36,1
2020-04-19,71-80 years,404,0.06,3,0.00974025974025974,39,1
2020-04-19,81+ years,228,0.03,8,0.025974025974026,48,0
2020-04-19,Pending,16,0,-7,-0.0227272727272727,0,0
2020-04-20,0-10 years,99,0.01,1,0.00595238095238095,1,0
2020-04-20,11-20 years,386,0.05,7,0.0416666666666667,0,0
2020-04-20,21-30 years,1455,0.2,33,0.196428571428571,1,0
2020-04-20,31-40 years,1248,0.17,43,0.255952380952381,1,0
2020-04-20,41-50 years,1235,0.17,41,0.244047619047619,9,1
2020-04-20,51-60 years,1311,0.18,29,0.172619047619048,15,1
2020-04-20,61-70 years,856,0.12,14,0.0833333333333333,36,0
2020-04-20,71-80 years,407,0.06,3,0.0178571428571429,40,1
2020-04-20,81+ years,231,0.03,3,0.0178571428571429,49,1
2020-04-20,Pending,10,0,-6,-0.0357142857142857,0,0
2020-04-21,0-10 years,107,0.01,8,0.0512820512820513,1,0
2020-04-21,11-20 years,403,0.05,17,0.108974358974359,0,0
2020-04-21,21-30 years,1471,0.2,16,0.102564102564103,1,0
2020-04-21,31-40 years,1271,0.17,23,0.147435897435897,1,0
2020-04-21,41-50 years,1262,0.17,27,0.173076923076923,9,0
2020-04-21,51-60 years,1344,0.18,33,0.211538461538462,15,0
2020-04-21,61-70 years,870,0.12,14,0.0897435897435897,37,1
2020-04-21,71-80 years,417,0.06,10,0.0641025641025641,41,1
2020-04-21,81+ years,242,0.03,11,0.0705128205128205,52,3
2020-04-21,Pending,7,0,-3,-0.0192307692307692,0,0
2020-04-22,0-10 years,115,0.01,8,0.0178571428571429,1,0
2020-04-22,11-20 years,432,0.06,29,0.0647321428571429,0,0
2020-04-22,21-30 years,1568,0.2,97,0.216517857142857,2,1
2020-04-22,31-40 years,1358,0.17,87,0.194196428571429,1,0
2020-04-22,41-50 years,1370,0.17,108,0.241071428571429,10,1
2020-04-22,51-60 years,1407,0.18,63,0.140625,15,0
2020-04-22,61-70 years,900,0.11,30,0.0669642857142857,38,1
2020-04-22,71-80 years,430,0.05,13,0.0290178571428571,45,4
2020-04-22,81+ years,252,0.03,10,0.0223214285714286,54,2
2020-04-22,Pending,10,0,3,0.00669642857142857,0,0
2020-04-23,0-10 years,122,0.014759,7,0.0165094339622642,1,0
2020-04-23,11-20 years,443,0.053593,11,0.0259433962264151,0,0
2020-04-23,21-30 years,1641,0.198524,73,0.172169811320755,2,0
2020-04-23,31-40 years,1415,0.171183,57,0.134433962264151,1,0
2020-04-23,41-50 years,1418,0.171546,48,0.113207547169811,10,0
2020-04-23,51-60 years,1450,0.175417,43,0.101415094339623,15,0
2020-04-23,61-70 years,916,0.110815,16,0.0377358490566038,40,2
2020-04-23,71-80 years,445,0.053835,15,0.035377358490566,46,1
2020-04-23,81+ years,264,0.031938,12,0.0283018867924528,55,1
2020-04-23,Pending,152,0.018389,142,0.33490566037735803,0,0
2020-04-24,0-10 years,130,0.0148980059592024,8,0.0173913043478261,1,0
2020-04-24,11-20 years,461,0.0528306211322484,18,0.0391304347826087,0,0
2020-04-24,21-30 years,1671,0.191496676598671,30,0.0652173913043478,1,-1
2020-04-24,31-40 years,1450,0.166170066468027,35,0.0760869565217391,1,0
2020-04-24,41-50 years,1451,0.166284666513867,33,0.0717391304347826,10,0
2020-04-24,51-60 years,1480,0.169608067843227,30,0.0652173913043478,15,0
2020-04-24,61-70 years,935,0.107151042860417,19,0.041304347826087,40,0
2020-04-24,71-80 years,459,0.0526014210405684,14,0.0304347826086957,45,-1
2020-04-24,81+ years,274,0.031400412560165,10,0.0217391304347826,55,0
2020-04-24,Pending,415,0.0475590190236076,263,0.571739130434783,0,0
2020-04-25,0-10 years,145,0.0157797366416367,15,0.0323974082073434,1,0
2020-04-25,11-20 years,517,0.0562629230601807,56,0.120950323974082,0,0
2020-04-25,21-30 years,1742,0.189574491239526,71,0.153347732181425,1,0
2020-04-25,31-40 years,1536,0.167156382631407,86,0.185745140388769,1,0
2020-04-25,41-50 years,1531,0.166612253781696,80,0.172786177105832,10,0
2020-04-25,51-60 years,1542,0.167809337251061,62,0.133909287257019,15,0
2020-04-25,61-70 years,970,0.105560996844053,35,0.0755939524838013,42,2
2020-04-25,71-80 years,481,0.052345195342257,22,0.0475161987041037,50,5
2020-04-25,81+ years,291,0.0316682990532158,17,0.0367170626349892,58,3
2020-04-25,Pending,434,0.0472303841549679,19,0.041036717062635,0,0
2020-04-26,0-10 years,158,0.0163442639908969,13,0.0271966527196653,1,0
2020-04-26,11-20 years,567,0.0586531498913831,50,0.104602510460251,0,0
2020-04-26,21-30 years,1870,0.193441605461881,128,0.267782426778243,1,0
2020-04-26,31-40 years,1630,0.168614875349126,94,0.196652719665272,2,1
2020-04-26,41-50 years,1608,0.166339091755457,77,0.161087866108787,10,0
2020-04-26,51-60 years,1592,0.164683976414606,50,0.104602510460251,15,0
2020-04-26,61-70 years,1001,0.103548153511948,31,0.0648535564853557,42,0
2020-04-26,71-80 years,497,0.0514120202751629,16,0.0334728033472803,50,0
2020-04-26,81+ years,311,0.032171304437778,20,0.0418410041841004,60,2
2020-04-26,Pending,433,0.0447915589117617,-1,-0.00209205020920502,0,0
2020-04-27,0-10 years,166,0.0167372454123815,8,0.0318725099601594,1,0
2020-04-27,11-20 years,594,0.0598911070780399,27,0.107569721115538,0,0
2020-04-27,21-30 years,1913,0.192881629360758,43,0.171314741035857,1,0
2020-04-27,31-40 years,1670,0.168380721919742,40,0.159362549800797,2,0
2020-04-27,41-50 years,1650,0.166364186327889,42,0.167330677290837,10,0
2020-04-27,51-60 years,1624,0.16374269005848,32,0.127490039840637,15,0
2020-04-27,61-70 years,1025,0.103347449082476,24,0.0956175298804781,42,0
2020-04-27,71-80 years,517,0.0521274450494051,20,0.0796812749003984,50,0
2020-04-27,81+ years,336,0.0338777979431337,25,0.099601593625498,63,3
2020-04-27,Pending,423,0.0426497277676951,-10,-0.0398406374501992,0,0
2020-04-28,0-10 years,171,0.0170115399920414,5,0.0373134328358209,1,0
2020-04-28,11-20 years,599,0.0595901313171508,5,0.0373134328358209,0,0
2020-04-28,21-30 years,1928,0.191802626343016,15,0.111940298507463,1,0
2020-04-28,31-40 years,1692,0.168324711500199,22,0.164179104477612,2,0
2020-04-28,41-50 years,1668,0.165937126939912,18,0.134328358208955,10,0
2020-04-28,51-60 years,1651,0.16424592120971,27,0.201492537313433,15,0
2020-04-28,61-70 years,1051,0.104556307202547,26,0.194029850746269,44,2
2020-04-28,71-80 years,530,0.0527258257063271,13,0.0970149253731343,50,0
2020-04-28,81+ years,341,0.0339235972940708,5,0.0373134328358209,65,2
2020-04-28,Pending,421,0.0418822124950259,-2,-0.0149253731343284,0,0
2020-04-29,0-10 years,180,0.0173644607370249,9,0.0286624203821656,1,0
2020-04-29,11-20 years,614,0.0592321049585182,15,0.0477707006369427,0,0
2020-04-29,21-30 years,1980,0.191009068107274,52,0.165605095541401,1,0
2020-04-29,31-40 years,1768,0.170557592128111,76,0.24203821656051,2,0
2020-04-29,41-50 years,1734,0.16727763843334,66,0.210191082802548,10,0
2020-04-29,51-60 years,1714,0.165348253907004,63,0.200636942675159,15,0
2020-04-29,61-70 years,1072,0.103415010611615,21,0.0668789808917197,45,1
2020-04-29,71-80 years,546,0.0526721975689755,16,0.0509554140127389,53,3
2020-04-29,81+ years,354,0.034150106116149,13,0.0414012738853503,68,3
2020-04-29,Pending,404,0.0389735674319892,-17,-0.054140127388535,0,0
2020-04-30,0-10 years,204,0.0190032603632976,24,0.0650406504065041,1,0
2020-04-30,11-20 years,647,0.0602701443875175,33,0.0894308943089431,0,0
2020-04-30,21-30 years,2104,0.195994410805776,124,0.336043360433604,1,0
2020-04-30,31-40 years,1958,0.182394038192827,190,0.514905149051491,3,1
2020-04-30,41-50 years,1892,0.176245924545878,158,0.428184281842818,10,0
2020-04-30,51-60 years,1836,0.171029343269679,122,0.330623306233062,15,0
2020-04-30,61-70 years,1128,0.105076851420587,56,0.151761517615176,46,1
2020-04-30,71-80 years,566,0.0527247321844434,20,0.0542005420054201,52,-1
2020-04-30,81+ years,359,0.0334420121099208,5,0.013550135501355,71,3
2020-04-30,Pending,41,0.00381928272007452,-363,-0.983739837398374,0,0
2020-05-01,0-10 years,220,0.0185013876040703,16,0.013840830449827,1,0
2020-05-01,11-20 years,682,0.0573543015726179,35,0.0302768166089965,1,1
2020-05-01,21-30 years,2371,0.199394500042049,267,0.230968858131488,1,0
2020-05-01,31-40 years,2254,0.189555125725339,296,0.256055363321799,3,0
2020-05-01,41-50 years,2128,0.178958876461189,236,0.204152249134948,10,0
2020-05-01,51-60 years,1987,0.167101168951308,151,0.130622837370242,16,1
2020-05-01,61-70 years,1202,0.10108485409133,74,0.0640138408304498,46,0
2020-05-01,71-80 years,587,0.0493650660163149,21,0.0181660899653979,53,1
2020-05-01,81+ years,371,0.0312000672777731,12,0.0103806228373702,73,2
2020-05-01,Pending,89,0.00748465225801026,48,0.041522491349481,0,0
2020-05-02,0-10 years,239,0.0188768659663534,19,0.0246753246753247,1,0
2020-05-02,11-20 years,724,0.0571834768185767,42,0.0545454545454545,1,0
2020-05-02,21-30 years,2523,0.19927335913435,152,0.197402597402597,1,0
2020-05-02,31-40 years,2440,0.192717794802938,186,0.241558441558442,3,0
2020-05-02,41-50 years,2262,0.178658873706658,134,0.174025974025974,10,0
2020-05-02,51-60 years,2068,0.163336229365769,81,0.105194805194805,16,0
2020-05-02,61-70 years,1257,0.0992812574046284,55,0.0714285714285714,47,1
2020-05-02,71-80 years,612,0.0483374141063107,25,0.0324675324675325,54,1
2020-05-02,81+ years,385,0.0304083405734144,14,0.0181818181818182,75,2
2020-05-02,Pending,151,0.0119263881210015,62,0.0805194805194805,1,1
2020-05-03,0-10 years,274,0.0207938073916673,35,0.0678294573643411,1,0
2020-05-03,11-20 years,768,0.0582833725430675,44,0.0852713178294574,1,0
2020-05-03,21-30 years,2615,0.198451847916825,92,0.178294573643411,1,0
2020-05-03,31-40 years,2540,0.192760112316916,100,0.193798449612403,3,0
2020-05-03,41-50 years,2350,0.178341048797147,88,0.170542635658915,10,0
2020-05-03,51-60 years,2155,0.163542536237383,87,0.168604651162791,16,0
2020-05-03,61-70 years,1302,0.0988085300144191,45,0.0872093023255814,47,0
2020-05-03,71-80 years,631,0.0478864688472338,19,0.0368217054263566,55,1
2020-05-03,81+ years,393,0.0298246945435228,8,0.0155038759689922,76,1
2020-05-03,Pending,149,0.0113075813918191,-2,-0.00387596899224806,0,-1
2020-05-04,0-10 years,281,0.0207059170289588,7,0.0177664974619289,1,0
2020-05-04,11-20 years,806,0.0593913492005011,38,0.0964467005076142,1,0
2020-05-04,21-30 years,2669,0.196669368506374,54,0.137055837563452,1,0
2020-05-04,31-40 years,2582,0.190258639746518,42,0.106598984771574,3,0
2020-05-04,41-50 years,2405,0.177216122614398,55,0.139593908629442,10,0
2020-05-04,51-60 years,2207,0.162626188195417,52,0.131979695431472,17,1
2020-05-04,61-70 years,1339,0.0986662736718002,37,0.0939086294416244,50,3
2020-05-04,71-80 years,659,0.0485594281924692,28,0.0710659898477157,59,4
2020-05-04,81+ years,407,0.029990420750129,14,0.0355329949238579,77,1
2020-05-04,Pending,216,0.0159162920934345,67,0.17005076142132,0,0
2020-05-05,0-10 years,290,0.0211833455076698,9,0.0756302521008403,1,0
2020-05-05,11-20 years,817,0.0596785975164354,11,0.092436974789916,1,0
2020-05-05,21-30 years,2685,0.196128560993426,16,0.134453781512605,1,0
2020-05-05,31-40 years,2604,0.190211833455077,22,0.184873949579832,3,0
2020-05-05,41-50 years,2421,0.176844411979547,16,0.134453781512605,10,0
2020-05-05,51-60 years,2228,0.162746530314098,21,0.176470588235294,17,0
2020-05-05,61-70 years,1355,0.0989773557341125,16,0.134453781512605,51,1
2020-05-05,71-80 years,664,0.0485025566106647,5,0.0420168067226891,62,3
2020-05-05,81+ years,414,0.0302410518626735,7,0.0588235294117647,80,3
2020-05-05,Pending,212,0.0154857560262966,-4,-0.0336134453781513,0,0
2020-05-06,0-10 years,304,0.0218108767398479,14,0.0443037974683544,1,0
2020-05-06,11-20 years,868,0.062275792796671,51,0.161392405063291,1,0
2020-05-06,21-30 years,2753,0.197517577844741,68,0.215189873417722,1,0
2020-05-06,31-40 years,2655,0.190486439948343,51,0.161392405063291,3,0
2020-05-06,41-50 years,2470,0.177213373511264,49,0.155063291139241,10,0
2020-05-06,51-60 years,2263,0.162361888362749,35,0.110759493670886,19,2
2020-05-06,61-70 years,1381,0.0990816472951643,26,0.0822784810126582,52,1
2020-05-06,71-80 years,676,0.0485005022241355,12,0.0379746835443038,68,6
2020-05-06,81+ years,424,0.0304204333476826,10,0.0316455696202532,84,4
2020-05-06,Pending,212,0.0152102166738413,0,0,0,0
2020-05-07,0-10 years,313,0.0222048808172531,9,0.1,1,0
2020-05-07,11-20 years,883,0.0626418842224745,15,0.166666666666667,1,0
2020-05-07,21-30 years,2776,0.196935300794552,23,0.255555555555556,1,0
2020-05-07,31-40 years,2691,0.190905221339387,36,0.4,3,0
2020-05-07,41-50 years,2502,0.177497162315551,32,0.355555555555556,9,-1
2020-05-07,51-60 years,2281,0.161818955732123,18,0.2,18,-1
2020-05-07,61-70 years,1394,0.0988933030646992,13,0.144444444444444,52,0
2020-05-07,71-80 years,684,0.0485244040862656,8,0.0888888888888889,68,0
2020-05-07,81+ years,425,0.0301503972758229,1,0.0111111111111111,84,0
2020-05-07,Pending,147,0.0104284903518729,-65,-0.722222222222222,0,0
2020-05-08,0-10 years,322,0.0222976248182259,9,0.0260869565217391,1,0
2020-05-08,11-20 years,916,0.0634305103524687,33,0.0956521739130435,1,0
2020-05-08,21-30 years,2848,0.197216259261824,72,0.208695652173913,1,0
2020-05-08,31-40 years,2766,0.191537982134201,75,0.217391304347826,3,0
2020-05-08,41-50 years,2556,0.176996052904923,54,0.156521739130435,9,0
2020-05-08,51-60 years,2335,0.16169240357316,54,0.156521739130435,18,0
2020-05-08,61-70 years,1417,0.0981233986566027,23,0.0666666666666667,53,1
2020-05-08,71-80 years,693,0.0479883664566166,9,0.0260869565217391,70,2
2020-05-08,81+ years,427,0.0295685894328648,2,0.00579710144927536,85,1
2020-05-08,Pending,161,0.0111488124091129,14,0.0405797101449275,0,0
2020-05-09,0-10 years,340,0.0230227518959913,18,0.055045871559633,1,0
2020-05-09,11-20 years,942,0.0637865655471289,26,0.0795107033639144,1,0
2020-05-09,21-30 years,2905,0.196709100758397,57,0.174311926605505,1,0
2020-05-09,31-40 years,2839,0.192239978331528,73,0.223241590214067,3,0
2020-05-09,41-50 years,2596,0.17578548212351,40,0.122324159021407,9,0
2020-05-09,51-60 years,2377,0.160956121343445,42,0.128440366972477,18,0
2020-05-09,61-70 years,1446,0.0979144095341278,29,0.0886850152905199,53,0
2020-05-09,71-80 years,698,0.0472643553629469,5,0.0152905198776758,71,1
2020-05-09,81+ years,441,0.0298618634886241,14,0.0428134556574924,85,0
2020-05-09,Pending,184,0.0124593716143012,23,0.0703363914373089,0,0
2020-05-10,0-10 years,348,0.0232232232232232,8,0.0368663594470046,1,0
2020-05-10,11-20 years,969,0.0646646646646647,27,0.124423963133641,1,0
2020-05-10,21-30 years,2939,0.196129462796129,34,0.15668202764977,1,0
2020-05-10,31-40 years,2886,0.192592592592593,47,0.216589861751152,3,0
2020-05-10,41-50 years,2632,0.175642308975642,36,0.165898617511521,9,0
2020-05-10,51-60 years,2402,0.160293626960294,25,0.115207373271889,18,0
2020-05-10,61-70 years,1462,0.0975642308975642,16,0.0737327188940092,53,0
2020-05-10,71-80 years,706,0.0471137804471138,8,0.0368663594470046,72,1
2020-05-10,81+ years,445,0.0296963630296964,4,0.0184331797235023,85,0
2020-05-10,Pending,196,0.0130797464130797,12,0.0552995391705069,0,0
2020-05-11,0-10 years,363,0.0233530622748327,15,0.0268336314847943,1,0
2020-05-11,11-20 years,993,0.0638831703551209,24,0.0429338103756708,1,0
2020-05-11,21-30 years,3020,0.194287184765826,81,0.144901610017889,1,0
2020-05-11,31-40 years,2953,0.18997683993824,67,0.119856887298748,3,0
2020-05-11,41-50 years,2713,0.174536798764797,81,0.144901610017889,10,1
2020-05-11,51-60 years,2435,0.156652084405558,33,0.0590339892665474,19,1
2020-05-11,61-70 years,1484,0.09547092125579,22,0.0393559928443649,54,1
2020-05-11,71-80 years,722,0.0464487905301081,16,0.0286225402504472,73,1
2020-05-11,81+ years,455,0.0292717447246526,10,0.0178890876565295,89,4
2020-05-11,Pending,406,0.0261194029850746,210,0.37567084078712,0,0
2020-05-12,0-10 years,379,0.0235243001675874,16,0.0282685512367491,1,0
2020-05-12,11-20 years,1029,0.0638694059959034,36,0.0636042402826855,1,0
2020-05-12,21-30 years,3154,0.195766867357706,134,0.236749116607774,1,0
2020-05-12,31-40 years,3100,0.192415120104277,147,0.259717314487633,3,0
2020-05-12,41-50 years,2816,0.174787412326982,103,0.181978798586572,12,2
2020-05-12,51-60 years,2496,0.154987275774316,61,0.107773851590106,23,4
2020-05-12,61-70 years,1508,0.0936006455216933,24,0.0424028268551237,57,3
2020-05-12,71-80 years,733,0.0454968654956241,11,0.019434628975265,74,1
2020-05-12,81+ years,468,0.0290484761963876,13,0.0229681978798587,92,3
2020-05-12,Pending,427,0.0265036310595245,21,0.0371024734982332,0,0
2020-05-13,0-10 years,389,0.02376298106292,10,0.0384615384615385,1,0
2020-05-13,11-20 years,1048,0.0640195479535736,19,0.0730769230769231,1,0
2020-05-13,21-30 years,3205,0.19578497251069,51,0.196153846153846,1,0
2020-05-13,31-40 years,3165,0.193341478313989,65,0.25,3,0
2020-05-13,41-50 years,2871,0.175381795968235,55,0.211538461538462,14,2
2020-05-13,51-60 years,2525,0.154245571166768,29,0.111538461538462,24,1
2020-05-13,61-70 years,1522,0.0929749541844838,14,0.0538461538461538,58,1
2020-05-13,71-80 years,737,0.0450213805742211,4,0.0153846153846154,77,3
2020-05-13,81+ years,470,0.0287110568112401,2,0.00769230769230769,94,2
2020-05-13,Pending,438,0.026756261453879,11,0.0423076923076923,0,0
2020-05-14,0-10 years,409,0.024492484579915,20,0.060790273556231,1,0
2020-05-14,11-20 years,1087,0.0650937181867178,39,0.11854103343465,1,0
2020-05-14,21-30 years,3285,0.196718366369244,80,0.243161094224924,1,0
2020-05-14,31-40 years,3227,0.193245104497275,62,0.188449848024316,3,0
2020-05-14,41-50 years,2924,0.175100305407509,53,0.16109422492401201,14,0
2020-05-14,51-60 years,2563,0.153482244445775,38,0.115501519756839,26,2
2020-05-14,61-70 years,1543,0.0924007425594347,21,0.0638297872340425,61,3
2020-05-14,71-80 years,749,0.0448529852086951,12,0.0364741641337386,82,5
2020-05-14,81+ years,475,0.0284448170549135,5,0.0151975683890578,98,4
2020-05-14,Pending,437,0.0261692316905204,-1,-0.00303951367781155,0,0
2020-05-15,0-10 years,422,0.0248674130819093,13,0.0479704797047971,1,0
2020-05-15,11-20 years,1119,0.0659398939304655,32,0.118081180811808,1,0
2020-05-15,21-30 years,3325,0.19593400117855,40,0.14760147601476,1,0
2020-05-15,31-40 years,3274,0.192928697701827,47,0.173431734317343,3,0
2020-05-15,41-50 years,2961,0.174484384207425,37,0.136531365313653,14,0
2020-05-15,51-60 years,2589,0.152563347083088,26,0.0959409594095941,26,0
2020-05-15,61-70 years,1551,0.0913965822038892,8,0.029520295202952,61,0
2020-05-15,71-80 years,755,0.04449027695934,6,0.022140221402214,85,3
2020-05-15,81+ years,479,0.0282262816735415,4,0.014760147601476,98,0
2020-05-15,Pending,495,0.0291691219799646,58,0.214022140221402,0,0
2020-05-16,0-10 years,446,0.0257982415548357,24,0.0754716981132075,1,0
2020-05-16,11-20 years,1158,0.0669828782970847,39,0.122641509433962,1,0
2020-05-16,21-30 years,3378,0.195395650161962,53,0.166666666666667,1,0
2020-05-16,31-40 years,3339,0.193139750115687,65,0.20440251572327,3,0
2020-05-16,41-50 years,3018,0.174571957427117,57,0.179245283018868,14,0
2020-05-16,51-60 years,2619,0.151492364645997,30,0.0943396226415094,26,0
2020-05-16,61-70 years,1585,0.091682091624248,34,0.106918238993711,62,1
2020-05-16,71-80 years,768,0.044423877834336,13,0.0408805031446541,87,2
2020-05-16,81+ years,481,0.0278227672373901,2,0.00628930817610063,100,2
2020-05-16,Pending,496,0.028690421101342,1,0.00314465408805031,0,0
2020-05-17,0-10 years,449,0.0258224062571889,3,0.03,1,0
2020-05-17,11-20 years,1165,0.0670002300437083,7,0.07,1,0
2020-05-17,21-30 years,3409,0.196054750402576,31,0.31,1,0
2020-05-17,31-40 years,3358,0.193121693121693,19,0.19,3,0
2020-05-17,41-50 years,3030,0.174258109040718,12,0.12,14,0
2020-05-17,51-60 years,2635,0.151541292845641,16,0.16,26,0
2020-05-17,61-70 years,1588,0.0913273521969174,3,0.03,63,1
2020-05-17,71-80 years,774,0.0445134575569358,6,0.06,87,0
2020-05-17,81+ years,482,0.0277202668507016,1,0.01,102,2
2020-05-17,Pending,498,0.0286404416839199,2,0.02,0,0
2020-05-18,0-10 years,473,0.0262617289434235,24,0.0385232744783307,1,0
2020-05-18,11-20 years,1231,0.0683471212037088,66,0.105939004815409,1,0
2020-05-18,21-30 years,3556,0.197434900893898,147,0.235955056179775,1,0
2020-05-18,31-40 years,3506,0.194658819610238,148,0.237560192616372,3,0
2020-05-18,41-50 years,3133,0.173949253234135,103,0.165329052969502,14,0
2020-05-18,51-60 years,2713,0.150630170451391,78,0.125200642054575,27,1
2020-05-18,61-70 years,1626,0.0902781633446227,38,0.0609951845906902,63,0
2020-05-18,71-80 years,786,0.043639997779135,12,0.0192616372391653,87,0
2020-05-18,81+ years,491,0.0272611182055411,9,0.014446227929374,104,2
2020-05-18,Pending,496,0.0275387263339071,-2,-0.00321027287319422,0,0
2020-05-19,0-10 years,501,0.0272608553705517,28,0.0762942779291553,1,0
2020-05-19,11-20 years,1279,0.0695940798781151,48,0.130790190735695,1,0
2020-05-19,21-30 years,3651,0.198661443029709,95,0.258855585831063,1,0
2020-05-19,31-40 years,3572,0.194362825116988,66,0.17983651226158,3,0
2020-05-19,41-50 years,3191,0.173631515942975,58,0.158038147138965,14,0
2020-05-19,51-60 years,2745,0.149363369245837,32,0.0871934604904632,28,1
2020-05-19,61-70 years,1658,0.0902165632821852,32,0.0871934604904632,63,0
2020-05-19,71-80 years,793,0.0431494177821308,7,0.0190735694822888,89,2
2020-05-19,81+ years,495,0.0269343780607248,4,0.0108991825613079,105,1
2020-05-19,Pending,493,0.0268255522907825,-3,-0.00817438692098093,0,0
2020-05-20,0-10 years,509,0.0274660047485431,8,0.051948051948052,1,0
2020-05-20,11-20 years,1299,0.070094970861213,20,0.12987012987013,1,0
2020-05-20,21-30 years,3690,0.199115044247788,39,0.253246753246753,1,0
2020-05-20,31-40 years,3612,0.194906108353119,40,0.25974025974026,3,0
2020-05-20,41-50 years,3212,0.173321821713792,21,0.136363636363636,14,0
2020-05-20,51-60 years,2753,0.148553852795165,8,0.051948051948052,27,-1
2020-05-20,61-70 years,1666,0.0898985538527952,8,0.051948051948052,66,3
2020-05-20,71-80 years,800,0.0431685732786531,7,0.0454545454545455,89,0
2020-05-20,81+ years,497,0.0268184761493633,2,0.012987012987013,107,2
2020-05-20,Pending,494,0.0266565939995683,1,0.00649350649350649,0,0
2020-05-21,0-10 years,533,0.0281103317335584,24,0.0559440559440559,1,0
2020-05-21,11-20 years,1337,0.070513158588682,38,0.0885780885780886,1,0
2020-05-21,21-30 years,3829,0.201940825905807,139,0.324009324009324,1,0
2020-05-21,31-40 years,3708,0.195559305943779,96,0.223776223776224,3,0
2020-05-21,41-50 years,3274,0.172670217815516,62,0.144522144522145,14,0
2020-05-21,51-60 years,2785,0.146880438795422,32,0.0745920745920746,28,1
2020-05-21,61-70 years,1685,0.0888666209588102,19,0.0442890442890443,66,0
2020-05-21,71-80 years,811,0.0427720056959021,11,0.0256410256410256,91,2
2020-05-21,81+ years,522,0.0275301935551922,25,0.0582750582750583,108,1
2020-05-21,Pending,477,0.0251569010073308,-17,-0.0396270396270396,0,0
2020-05-22,0-10 years,557,0.0287202227493039,24,0.0554272517321016,1,0
2020-05-22,11-20 years,1388,0.0715685263483552,51,0.117782909930716,1,0
2020-05-22,21-30 years,3914,0.201814994328143,85,0.196304849884527,1,0
2020-05-22,31-40 years,3804,0.196143137052697,96,0.221709006928406,3,0
2020-05-22,41-50 years,3337,0.172063524801485,63,0.145496535796767,14,0
2020-05-22,51-60 years,2853,0.147107352789523,68,0.157043879907621,28,0
2020-05-22,61-70 years,1709,0.088120037124884,24,0.0554272517321016,66,0
2020-05-22,71-80 years,829,0.0427451789213159,18,0.0415704387990762,92,1
2020-05-22,81+ years,542,0.0279467876662885,20,0.046189376443418,109,1
2020-05-22,Pending,461,0.0237702382180056,-16,-0.0369515011547344,0,0
2020-05-23,0-10 years,588,0.0297134771842943,31,0.0784810126582278,1,0
2020-05-23,11-20 years,1430,0.0722623679822123,42,0.106329113924051,1,0
2020-05-23,21-30 years,3996,0.20193036535449,82,0.207594936708861,1,0
2020-05-23,31-40 years,3892,0.196674920410329,88,0.222784810126582,3,0
2020-05-23,41-50 years,3408,0.172216888170196,71,0.179746835443038,15,1
2020-05-23,51-60 years,2885,0.145788064076002,32,0.0810126582278481,30,2
2020-05-23,61-70 years,1737,0.0877760371923796,28,0.0708860759493671,68,2
2020-05-23,71-80 years,842,0.042548890797918,13,0.0329113924050633,94,2
2020-05-23,81+ years,550,0.0277932184546971,8,0.020253164556962,116,7
2020-05-23,Pending,461,0.0232957703774824,0,0,0,0
2020-05-24,0-10 years,606,0.0300819061801936,18,0.050561797752809,1,0
2020-05-24,11-20 years,1474,0.0731695209729461,44,0.123595505617978,1,0
2020-05-24,21-30 years,4073,0.202184164805163,77,0.216292134831461,1,0
2020-05-24,31-40 years,3971,0.197120873665922,79,0.221910112359551,3,0
2020-05-24,41-50 years,3479,0.172697939935468,71,0.199438202247191,16,1
2020-05-24,51-60 years,2918,0.144849838669645,33,0.0926966292134832,30,0
2020-05-24,61-70 years,1752,0.0869694713328369,15,0.0421348314606742,71,3
2020-05-24,71-80 years,852,0.0422933730454207,10,0.0280898876404494,96,2
2020-05-24,81+ years,564,0.0279970215934475,14,0.0393258426966292,117,1
2020-05-24,Pending,456,0.0226358897989576,-5,-0.0140449438202247,0,0
2020-05-25,0-10 years,635,0.0308147716795264,29,0.0627705627705628,1,0
2020-05-25,11-20 years,1534,0.0744407240258165,60,0.12987012987013,1,0
2020-05-25,21-30 years,4174,0.202552530693454,101,0.218614718614719,1,0
2020-05-25,31-40 years,4098,0.19886446353181,127,0.274891774891775,3,0
2020-05-25,41-50 years,3534,0.171495123016451,55,0.119047619047619,16,0
2020-05-25,51-60 years,2980,0.144611054496045,62,0.134199134199134,30,0
2020-05-25,61-70 years,1769,0.085844615907216,17,0.0367965367965368,72,1
2020-05-25,71-80 years,858,0.0416363371669821,6,0.012987012987013,96,0
2020-05-25,81+ years,565,0.0274178677148542,1,0.00216450216450216,118,1
2020-05-25,Pending,460,0.0223225117678459,4,0.00865800865800866,0,0
2020-05-26,0-10 years,663,0.0316241354638684,28,0.0782122905027933,1,0
2020-05-26,11-20 years,1572,0.0749821130455521,38,0.106145251396648,1,0
2020-05-26,21-30 years,4245,0.202480324350107,71,0.198324022346369,1,0
2020-05-26,31-40 years,4183,0.199523014548056,85,0.237430167597765,3,0
2020-05-26,41-50 years,3587,0.171094681612211,53,0.14804469273743,16,0
2020-05-26,51-60 years,3032,0.144621989029335,52,0.145251396648045,31,1
2020-05-26,61-70 years,1790,0.0853803958979251,21,0.058659217877095,73,1
2020-05-26,71-80 years,867,0.0413546386835201,9,0.0251396648044693,97,1
2020-05-26,81+ years,570,0.0271881707607918,5,0.0139664804469274,120,2
2020-05-26,Pending,456,0.0217505366086334,-4,-0.0111731843575419,0,0
2020-05-27,0-10 years,692,0.0324791138646391,29,0.0850439882697947,1,0
2020-05-27,11-20 years,1622,0.0761287900122031,50,0.146627565982405,1,0
2020-05-27,21-30 years,4309,0.202243499483714,64,0.187683284457478,1,0
2020-05-27,31-40 years,4247,0.199333521073876,64,0.187683284457478,5,2
2020-05-27,41-50 years,3631,0.17042147751807,44,0.129032258064516,16,0
2020-05-27,51-60 years,3077,0.144419412372102,45,0.131964809384164,31,0
2020-05-27,61-70 years,1812,0.0850464657842861,22,0.0645161290322581,76,3
2020-05-27,71-80 years,881,0.0413498545010795,14,0.0410557184750733,100,3
2020-05-27,81+ years,579,0.0271754435370318,9,0.0263929618768328,122,2
2020-05-27,Pending,456,0.0214024218529992,0,0,0,0
2020-05-28,0-10 years,720,0.0332118640158679,28,0.0750670241286863,1,0
2020-05-28,11-20 years,1670,0.0770330734812491,48,0.128686327077748,1,0
2020-05-28,21-30 years,4382,0.202131094607685,73,0.195710455764075,1,0
2020-05-28,31-40 years,4334,0.19991697033996,87,0.233243967828418,5,0
2020-05-28,41-50 years,3707,0.170994972092809,76,0.203753351206434,17,1
2020-05-28,51-60 years,3114,0.143641311868629,37,0.0991957104557641,31,0
2020-05-28,61-70 years,1836,0.0846902532404631,24,0.064343163538874,77,1
2020-05-28,71-80 years,890,0.0410535541307256,9,0.0241286863270777,100,0
2020-05-28,81+ years,582,0.0268462567461599,3,0.00804289544235925,123,1
2020-05-28,Pending,444,0.0204806494764519,-12,-0.032171581769437,0,0
2020-05-29,0-10 years,748,0.0338691419515508,28,0.0689655172413793,1,0
2020-05-29,11-20 years,1721,0.0779261942494906,51,0.125615763546798,1,0
2020-05-29,21-30 years,4471,0.202445098483133,89,0.219211822660099,1,0
2020-05-29,31-40 years,4435,0.200815032827711,101,0.248768472906404,5,0
2020-05-29,41-50 years,3763,0.170387140593163,56,0.137931034482759,18,1
2020-05-29,51-60 years,3161,0.14312882046638,47,0.11576354679803,31,0
2020-05-29,61-70 years,1860,0.084220058863482,24,0.0591133004926108,78,1
2020-05-29,71-80 years,897,0.0406158025809373,7,0.0172413793103448,100,0
2020-05-29,81+ years,587,0.0265791261036903,5,0.0123152709359606,125,2
2020-05-29,Pending,442,0.0200135838804619,-2,-0.00492610837438424,0,0
2020-05-30,0-10 years,775,0.0343437029158912,27,0.0561330561330561,1,0
2020-05-30,11-20 years,1783,0.0790126739342373,62,0.128898128898129,1,0
2020-05-30,21-30 years,4597,0.203713551360454,126,0.261954261954262,1,0
2020-05-30,31-40 years,4580,0.202960205619073,145,0.301455301455301,5,0
2020-05-30,41-50 years,3860,0.171053797748826,97,0.201663201663202,18,0
2020-05-30,51-60 years,3235,0.143357263139236,74,0.153846153846154,31,0
2020-05-30,61-70 years,1895,0.0839758929362758,35,0.0727650727650728,78,0
2020-05-30,71-80 years,916,0.0405920411238146,19,0.0395010395010395,102,2
2020-05-30,81+ years,598,0.0265000443144554,11,0.0228690228690229,127,2
2020-05-30,Pending,327,0.0144908269077373,-115,-0.239085239085239,0,0
2020-05-31,0-10 years,807,0.035077805789794,32,0.0727272727272727,1,0
2020-05-31,11-20 years,1836,0.0798052681909067,53,0.120454545454545,1,0
2020-05-31,21-30 years,4694,0.204033730331218,97,0.220454545454545,1,0
2020-05-31,31-40 years,4661,0.202599321916022,81,0.184090909090909,5,0
2020-05-31,41-50 years,3928,0.170738068330001,68,0.154545454545455,18,0
2020-05-31,51-60 years,3291,0.14304963922455,56,0.127272727272727,31,0
2020-05-31,61-70 years,1920,0.0834564896114057,25,0.0568181818181818,78,0
2020-05-31,71-80 years,925,0.0402069025471616,9,0.0204545454545455,102,0
2020-05-31,81+ years,615,0.0267321568286534,17,0.0386363636363636,127,0
2020-05-31,Pending,329,0.0143006172302878,2,0.00454545454545455,0,0
2020-06-01,0-10 years,850,0.0360872887832215,43,0.0784671532846715,1,0
2020-06-01,11-20 years,1889,0.080198692366477,53,0.0967153284671533,1,0
2020-06-01,21-30 years,4791,0.203404941835782,97,0.177007299270073,1,0
2020-06-01,31-40 years,4779,0.20289547422943,118,0.215328467153285,5,0
2020-06-01,41-50 years,4023,0.170799015029294,95,0.173357664233577,19,1
2020-06-01,51-60 years,3357,0.142523562876794,66,0.12043795620438,31,0
2020-06-01,61-70 years,1952,0.0828733972998217,32,0.0583941605839416,78,0
2020-06-01,71-80 years,945,0.0401205740001698,20,0.0364963503649635,103,1
2020-06-01,81+ years,631,0.0267895049673092,16,0.0291970802919708,128,1
2020-06-01,Pending,337,0.0143075486117008,8,0.0145985401459854,0,0
2020-06-02,0-10 years,888,0.0364307692307692,38,0.0462850182704019,1,0
2020-06-02,11-20 years,1949,0.0799589743589744,60,0.0730816077953715,1,0
2020-06-02,21-30 years,5028,0.206276923076923,237,0.288672350791717,1,0
2020-06-02,31-40 years,4969,0.20385641025641,190,0.23142509135201,5,0
2020-06-02,41-50 years,4169,0.171035897435897,146,0.177831912302071,20,1
2020-06-02,51-60 years,3448,0.14145641025641,91,0.110840438489647,33,2
2020-06-02,61-70 years,1997,0.0819282051282051,45,0.0548112058465286,80,2
2020-06-02,71-80 years,959,0.0393435897435897,14,0.0170523751522534,105,2
2020-06-02,81+ years,636,0.0260923076923077,5,0.00609013398294762,135,7
2020-06-02,Pending,332,0.0136205128205128,-5,-0.00609013398294762,0,0
2020-06-03,0-10 years,909,0.0366207396664249,21,0.0469798657718121,1,0
2020-06-03,11-20 years,1987,0.0800499556844735,38,0.0850111856823266,1,0
2020-06-03,21-30 years,5153,0.207598098461043,125,0.279642058165548,1,0
2020-06-03,31-40 years,5067,0.204133430021755,98,0.21923937360179,5,0
2020-06-03,41-50 years,4239,0.170775924583031,70,0.156599552572707,21,1
2020-06-03,51-60 years,3501,0.141044234952864,53,0.118568232662192,34,1
2020-06-03,61-70 years,2026,0.0816211425348481,29,0.0648769574944072,80,0
2020-06-03,71-80 years,974,0.0392393844170494,15,0.0335570469798658,109,4
2020-06-03,81+ years,642,0.0258641527677061,6,0.0134228187919463,136,1
2020-06-03,Pending,324,0.0130529369108049,-8,-0.0178970917225951,0,0
2020-06-04,0-10 years,932,0.0371019108280255,23,0.0771812080536913,1,0
2020-06-04,11-20 years,2023,0.0805334394904459,36,0.120805369127517,1,0
2020-06-04,21-30 years,5221,0.207842356687898,68,0.228187919463087,1,0
2020-06-04,31-40 years,5111,0.203463375796178,44,0.147651006711409,6,1
2020-06-04,41-50 years,4281,0.170421974522293,42,0.140939597315436,21,0
2020-06-04,51-60 years,3542,0.141003184713376,41,0.13758389261745,34,0
2020-06-04,61-70 years,2052,0.081687898089172,26,0.087248322147651,82,2
2020-06-04,71-80 years,982,0.0390923566878981,8,0.0268456375838926,116,7
2020-06-04,81+ years,650,0.025875796178344,8,0.0268456375838926,139,3
2020-06-04,Pending,326,0.0129777070063694,2,0.00671140939597315,0,0
2020-06-05,0-10 years,968,0.0379310344827586,36,0.09,1,0
2020-06-05,11-20 years,2078,0.0814263322884013,55,0.1375,1,0
2020-06-05,21-30 years,5310,0.20807210031348,89,0.2225,1,0
2020-06-05,31-40 years,5198,0.203683385579937,87,0.2175,8,2
2020-06-05,41-50 years,4361,0.170885579937304,80,0.2,21,0
2020-06-05,51-60 years,3599,0.141026645768025,57,0.1425,35,1
2020-06-05,61-70 years,2077,0.0813871473354232,25,0.0625,83,1
2020-06-05,71-80 years,994,0.0389498432601881,12,0.03,119,3
2020-06-05,81+ years,661,0.0259012539184953,11,0.0275,139,0
2020-06-05,Pending,274,0.0107366771159875,-52,-0.13,0,0
2020-06-06,0-10 years,1001,0.0383951517011239,33,0.0598911070780399,1,0
2020-06-06,11-20 years,2138,0.0820068275094933,60,0.108892921960073,1,0
2020-06-06,21-30 years,5420,0.2078938283917,110,0.199637023593466,2,1
2020-06-06,31-40 years,5336,0.204671857619577,138,0.250453720508167,9,1
2020-06-06,41-50 years,4453,0.170802807717387,92,0.166969147005445,21,0
2020-06-06,51-60 years,3678,0.141076291665068,79,0.143375680580762,36,1
2020-06-06,61-70 years,2101,0.0805876260979633,24,0.043557168784029,84,1
2020-06-06,71-80 years,1004,0.0385102220858425,10,0.0181488203266788,121,2
2020-06-06,81+ years,670,0.0256990525871658,9,0.0163339382940109,142,3
2020-06-06,Pending,270,0.0103563346246788,-4,-0.00725952813067151,0,0
2020-06-07,0-10 years,1020,0.0386641901368409,19,0.0612903225806452,1,0
2020-06-07,11-20 years,2170,0.082256169212691,32,0.103225806451613,1,0
2020-06-07,21-30 years,5483,0.207838975019901,63,0.203225806451613,2,0
2020-06-07,31-40 years,5388,0.204237898487548,52,0.167741935483871,9,0
2020-06-07,41-50 years,4500,0.170577309427239,47,0.151612903225806,21,0
2020-06-07,51-60 years,3713,0.140745233311853,35,0.112903225806452,36,0
2020-06-07,61-70 years,2120,0.0803608657746105,19,0.0612903225806452,84,0
2020-06-07,71-80 years,1027,0.0389295326181722,23,0.0741935483870968,122,1
2020-06-07,81+ years,689,0.0261172813767484,19,0.0612903225806452,142,0
2020-06-07,Pending,271,0.010272544634396,1,0.0032258064516129,0,0
2020-06-08,0-10 years,1060,0.0393408551068884,40,0.0710479573712256,1,0
2020-06-08,11-20 years,2246,0.0833580760095012,76,0.134991119005329,1,0
2020-06-08,21-30 years,5613,0.208320961995249,130,0.230905861456483,2,0
2020-06-08,31-40 years,5512,0.204572446555819,124,0.220248667850799,8,-1
2020-06-08,41-50 years,4594,0.170501781472684,94,0.16696269982238,22,1
2020-06-08,51-60 years,3772,0.13999406175772,59,0.104795737122558,36,0
2020-06-08,61-70 years,2141,0.0794611045130641,21,0.0373001776198934,84,0
2020-06-08,71-80 years,1045,0.0387841448931116,18,0.0319715808170515,124,2
2020-06-08,81+ years,699,0.0259426959619952,10,0.0177619893428064,143,1
2020-06-08,Pending,262,0.00972387173396675,-9,-0.0159857904085258,0,0
2020-06-09,0-10 years,1101,0.0399274705349048,41,0.0649762282091918,1,0
2020-06-09,11-20 years,2349,0.0851858567543064,103,0.163232963549921,1,0
2020-06-09,21-30 years,5793,0.210081595648232,180,0.285261489698891,2,0
2020-06-09,31-40 years,5660,0.205258386219402,148,0.234548335974643,9,1
2020-06-09,41-50 years,4693,0.170190389845875,99,0.15689381933439,22,0
2020-06-09,51-60 years,3837,0.139147778785131,65,0.103011093502377,37,1
2020-06-09,61-70 years,2175,0.0788757932910245,34,0.0538827258320127,86,2
2020-06-09,71-80 years,1064,0.0385856754306437,19,0.0301109350237718,129,5
2020-06-09,81+ years,702,0.0254578422484134,3,0.00475435816164818,148,5
2020-06-09,Pending,201,0.00728921124206709,-61,-0.0966719492868463,0,0
2020-06-10,0-10 years,1115,0.0400086117191144,14,0.0476190476190476,1,0
2020-06-10,11-20 years,2377,0.0852919013958161,28,0.0952380952380952,1,0
2020-06-10,21-30 years,5866,0.210484768021816,73,0.248299319727891,2,0
2020-06-10,31-40 years,5753,0.20643008360544,93,0.316326530612245,9,0
2020-06-10,41-50 years,4740,0.170081452509957,47,0.159863945578231,22,0
2020-06-10,51-60 years,3868,0.138792206394201,31,0.105442176870748,37,0
2020-06-10,61-70 years,2197,0.078833112059995,22,0.0748299319727891,86,0
2020-06-10,71-80 years,1079,0.0387168538519502,15,0.0510204081632653,129,0
2020-06-10,81+ years,717,0.0257275108543543,15,0.0510204081632653,149,1
2020-06-10,Pending,157,0.00563349958735513,-44,-0.149659863945578,0,0
2020-06-11,0-10 years,1149,0.0405434015525759,34,0.0721868365180467,1,0
2020-06-11,11-20 years,2421,0.0854269583627382,44,0.0934182590233546,1,0
2020-06-11,21-30 years,5992,0.211432604093155,126,0.267515923566879,2,0
2020-06-11,31-40 years,5867,0.207021877205363,114,0.24203821656051,10,1
2020-06-11,41-50 years,4838,0.170712773465067,98,0.208067940552017,21,-1
2020-06-11,51-60 years,3921,0.138355681016231,53,0.112526539278132,37,0
2020-06-11,61-70 years,2223,0.0784403669724771,26,0.0552016985138004,87,1
2020-06-11,71-80 years,1092,0.0385321100917431,13,0.0276008492569002,131,2
2020-06-11,81+ years,730,0.0257586450247001,13,0.0276008492569002,151,2
2020-06-11,Pending,107,0.00377558221594919,-50,-0.106157112526539,0,0
2020-06-12,0-10 years,1202,0.0412689693057749,53,0.0674300254452926,1,0
2020-06-12,11-20 years,2510,0.0861772986335233,89,0.11323155216285,1,0
2020-06-12,21-30 years,6154,0.21128888278514,162,0.206106870229008,3,1
2020-06-12,31-40 years,6034,0.207168852571586,167,0.212468193384224,10,0
2020-06-12,41-50 years,4966,0.170500583670947,128,0.162849872773537,22,1
2020-06-12,51-60 years,4009,0.137643342717847,88,0.111959287531807,41,4
2020-06-12,61-70 years,2275,0.0781089061319783,52,0.0661577608142494,94,7
2020-06-12,71-80 years,1123,0.0385566160818513,31,0.039440203562341,140,9
2020-06-12,81+ years,741,0.0254411865687015,11,0.0139949109414758,156,5
2020-06-12,Pending,112,0.00384536153265124,5,0.00636132315521628,0,0
2020-06-13,0-10 years,1224,0.0414339392708439,22,0.0530120481927711,1,0
2020-06-13,11-20 years,2551,0.0863545580718324,41,0.0987951807228916,1,0
2020-06-13,21-30 years,6263,0.212010426187333,109,0.262650602409639,3,0
2020-06-13,31-40 years,6142,0.207914424020852,108,0.260240963855422,10,0
2020-06-13,41-50 years,5042,0.170678040689212,76,0.183132530120482,22,0
2020-06-13,51-60 years,4068,0.137706915811922,59,0.142168674698795,41,0
2020-06-13,61-70 years,2303,0.0779594461934261,28,0.0674698795180723,94,0
2020-06-13,71-80 years,1142,0.038658136149758,19,0.0457831325301205,142,2
2020-06-13,81+ years,746,0.0252530381503673,5,0.0120481927710843,158,2
2020-06-13,Pending,60,0.00203107545445313,-52,-0.125301204819277,0,0
2020-06-14,0-10 years,1289,0.0423567297581493,65,0.0729517396184063,1,0
2020-06-14,11-20 years,2652,0.0871451104100946,101,0.113355780022447,1,0
2020-06-14,21-30 years,6480,0.212933753943218,217,0.24354657687991,3,0
2020-06-14,31-40 years,6327,0.207906151419558,185,0.207631874298541,10,0
2020-06-14,41-50 years,5185,0.170379863301788,143,0.160493827160494,23,1
2020-06-14,51-60 years,4170,0.137026813880126,102,0.114478114478114,41,0
2020-06-14,61-70 years,2352,0.0772870662460568,49,0.0549943883277217,94,0
2020-06-14,71-80 years,1167,0.0383477917981073,25,0.0280583613916947,143,1
2020-06-14,81+ years,753,0.024743690851735,7,0.00785634118967452,159,1
2020-06-14,Pending,57,0.0018730283911671901,-3,-0.00336700336700337,0,0
2020-06-15,0-10 years,1334,0.042811296534018,45,0.0618131868131868,1,0
2020-06-15,11-20 years,2740,0.0879332477535302,88,0.120879120879121,1,0
2020-06-15,21-30 years,6638,0.213029525032092,158,0.217032967032967,3,0
2020-06-15,31-40 years,6505,0.208761232349166,178,0.244505494505494,10,0
2020-06-15,41-50 years,5309,0.170378690629012,124,0.17032967032967,24,1
2020-06-15,51-60 years,4246,0.136264441591784,76,0.104395604395604,42,1
2020-06-15,61-70 years,2385,0.0765404364569962,33,0.0453296703296703,96,2
2020-06-15,71-80 years,1181,0.0379011553273427,14,0.0192307692307692,146,3
2020-06-15,81+ years,764,0.0245186136071887,11,0.0151098901098901,160,1
2020-06-15,Pending,58,0.00186136071887035,1,0.00137362637362637,0,0
2020-06-16,0-10 years,1391,0.0437009110901665,57,0.0850746268656716,1,0
2020-06-16,11-20 years,2819,0.0885642475651901,79,0.117910447761194,1,0
2020-06-16,21-30 years,6779,0.212975180647188,141,0.21044776119403,3,0
2020-06-16,31-40 years,6646,0.208796732642161,141,0.21044776119403,11,1
2020-06-16,41-50 years,5420,0.170279610430412,111,0.165671641791045,24,0
2020-06-16,51-60 years,4317,0.135626767200754,71,0.105970149253731,45,3
2020-06-16,61-70 years,2434,0.076468740182218,49,0.073134328358209,96,0
2020-06-16,71-80 years,1198,0.0376374489475338,17,0.0253731343283582,149,3
2020-06-16,81+ years,770,0.0241910147659441,6,0.00895522388059702,163,3
2020-06-16,Pending,56,0.0017593465284323,-2,-0.00298507462686567,0,0
2020-06-17,0-10 years,1397,0.0434620290576486,6,0.0191693290734824,2,1
2020-06-17,11-20 years,2863,0.0890707152412656,44,0.140575079872204,1,0
2020-06-17,21-30 years,6860,0.213421273683228,81,0.258785942492013,4,1
2020-06-17,31-40 years,6702,0.208505739974489,56,0.178913738019169,10,-1
2020-06-17,41-50 years,5477,0.170394798245341,57,0.182108626198083,24,0
2020-06-17,51-60 years,4349,0.135301620881685,32,0.10223642172524,46,1
2020-06-17,61-70 years,2452,0.076284105403976,18,0.0575079872204473,96,0
2020-06-17,71-80 years,1207,0.0375509442180257,9,0.0287539936102236,151,2
2020-06-17,81+ years,781,0.0242976697881343,11,0.0351437699680511,163,0
2020-06-17,Pending,55,0.00171110350620664,-1,-0.00319488817891374,0,0
2020-06-18,0-10 years,1441,0.043894118005422,44,0.0641399416909621,2,0
2020-06-18,11-20 years,2944,0.0896768101373785,81,0.118075801749271,1,0
2020-06-18,21-30 years,7004,0.213347954552377,144,0.209912536443149,4,0
2020-06-18,31-40 years,6819,0.207712693045783,117,0.170553935860058,10,0
2020-06-18,41-50 years,5596,0.17045904535624,119,0.173469387755102,25,1
2020-06-18,51-60 years,4432,0.135002589174206,83,0.120991253644315,46,0
2020-06-18,61-70 years,2493,0.0759389564104907,41,0.0597667638483965,101,5
2020-06-18,71-80 years,1240,0.0377714825306893,33,0.0481049562682216,153,2
2020-06-18,81+ years,805,0.0245210027719394,24,0.0349854227405248,167,4
2020-06-18,Pending,55,0.00167534801547412,0,0,0,0
2020-06-19,0-10 years,1512,0.0444483640532675,71,0.0597643097643098,2,0
2020-06-19,11-20 years,3094,0.0909545227386307,150,0.126262626262626,1,0
2020-06-19,21-30 years,7258,0.213363906282153,254,0.213804713804714,4,0
2020-06-19,31-40 years,7067,0.207749066643149,248,0.208754208754209,11,1
2020-06-19,41-50 years,5792,0.170267807272834,196,0.164983164983165,25,0
2020-06-19,51-60 years,4574,0.134462180674369,142,0.11952861952862,46,0
2020-06-19,61-70 years,2563,0.075344680600876,70,0.0589225589225589,103,2
2020-06-19,71-80 years,1280,0.0376282447011788,40,0.0336700336700337,156,3
2020-06-19,81+ years,816,0.0239880059970015,11,0.00925925925925926,167,0
2020-06-19,Pending,61,0.00179322103654055,6,0.00505050505050505,0,0
2020-06-20,0-10 years,1542,0.0447657202577948,30,0.0699300699300699,2,0
2020-06-20,11-20 years,3145,0.0913023282819486,51,0.118881118881119,1,0
2020-06-20,21-30 years,7350,0.213377460372757,92,0.214452214452214,4,0
2020-06-20,31-40 years,7150,0.207571270974859,83,0.193473193473193,10,-1
2020-06-20,41-50 years,5853,0.16991813272949,61,0.142191142191142,25,0
2020-06-20,51-60 years,4635,0.13455843929629,61,0.142191142191142,47,1
2020-06-20,61-70 years,2593,0.0752772455437496,30,0.0699300699300699,104,1
2020-06-20,71-80 years,1294,0.0375660454044011,14,0.0326340326340326,159,3
2020-06-20,81+ years,823,0.0238924693723509,7,0.0163170163170163,172,5
2020-06-20,Pending,61,0.00177088776635894,0,0,0,0
2020-06-21,0-10 years,1584,0.0451256338670161,42,0.0640243902439024,2,0
2020-06-21,11-20 years,3223,0.0918181300210814,78,0.11890243902439,1,0
2020-06-21,21-30 years,7502,0.213720015953507,152,0.231707317073171,4,0
2020-06-21,31-40 years,7267,0.207025240727024,117,0.178353658536585,10,0
2020-06-21,41-50 years,5957,0.169705429890035,104,0.158536585365854,25,0
2020-06-21,51-60 years,4712,0.134237365392285,77,0.117378048780488,47,0
2020-06-21,61-70 years,2626,0.0748105521052932,33,0.0503048780487805,105,1
2020-06-21,71-80 years,1327,0.0378041137257136,33,0.0503048780487805,159,0
2020-06-21,81+ years,840,0.0239302603840237,17,0.0259146341463415,173,1
2020-06-21,Pending,64,0.00182325793402085,3,0.00457317073170732,0,0
2020-06-22,0-10 years,1605,0.0451438697156358,21,0.0465631929046563,2,0
2020-06-22,11-20 years,3280,0.0922566309453492,57,0.126385809312639,1,0
2020-06-22,21-30 years,7637,0.214806064185863,135,0.299334811529933,4,0
2020-06-22,31-40 years,7341,0.206480465783478,74,0.164079822616408,11,1
2020-06-22,41-50 years,6025,0.16946530531882,68,0.150776053215078,25,0
2020-06-22,51-60 years,4763,0.133969004022164,51,0.113082039911308,49,2
2020-06-22,61-70 years,2656,0.0747053694484291,30,0.0665188470066519,107,2
2020-06-22,71-80 years,1336,0.037577700897252,9,0.0199556541019956,159,0
2020-06-22,81+ years,846,0.023795460298709,6,0.0133037694013304,173,0
2020-06-22,Pending,64,0.0018001293842995,0,0,0,0
2020-06-23,0-10 years,1649,0.0454232432581329,44,0.0586666666666667,2,0
2020-06-23,11-20 years,3405,0.0937939013304686,125,0.166666666666667,1,0
2020-06-23,21-30 years,7794,0.214693000578465,157,0.209333333333333,4,0
2020-06-23,31-40 years,7488,0.206263945128502,147,0.196,11,0
2020-06-23,41-50 years,6136,0.169021843924745,111,0.148,26,1
2020-06-23,51-60 years,4849,0.133570228355783,86,0.114666666666667,50,1
2020-06-23,61-70 years,2692,0.0741536512133983,36,0.048,108,1
2020-06-23,71-80 years,1368,0.0376828361292455,32,0.0426666666666667,164,5
2020-06-23,81+ years,857,0.0236068644464645,11,0.0146666666666667,176,3
2020-06-23,Pending,65,0.00179048563479602,1,0.00133333333333333,0,0
2020-06-24,0-10 years,1700,0.0456559688465154,51,0.0547210300429185,3,1
2020-06-24,11-20 years,3523,0.0946152813213375,118,0.126609442060086,1,0
2020-06-24,21-30 years,8023,0.21546931650329,229,0.245708154506438,4,0
2020-06-24,31-40 years,7663,0.205800993688734,175,0.187768240343348,12,1
2020-06-24,41-50 years,6306,0.169356787968309,170,0.182403433476395,26,0
2020-06-24,51-60 years,4940,0.132670874177521,91,0.0976394849785408,51,1
2020-06-24,61-70 years,2749,0.0738283872700416,57,0.0611587982832618,109,1
2020-06-24,71-80 years,1401,0.0376258896199812,33,0.0354077253218884,169,5
2020-06-24,81+ years,866,0.0232576876594602,9,0.00965665236051502,181,5
2020-06-24,Pending,64,0.00171881294480999,-1,-0.00107296137339056,0,0
2020-06-25,0-10 years,1750,0.0460114634274596,50,0.0625782227784731,3,0
2020-06-25,11-20 years,3602,0.0947047378661198,79,0.0988735919899875,1,0
2020-06-25,21-30 years,8217,0.216043539990535,194,0.242803504380476,4,0
2020-06-25,31-40 years,7805,0.20521112688647,142,0.177722152690864,13,1
2020-06-25,41-50 years,6418,0.168743755587106,112,0.14017521902378,26,0
2020-06-25,51-60 years,5026,0.132144922963664,86,0.107634543178974,50,-1
2020-06-25,61-70 years,2791,0.0733817111005942,42,0.0525657071339174,110,1
2020-06-25,71-80 years,1431,0.0376242309512541,30,0.0375469336670839,175,6
2020-06-25,81+ years,884,0.023242362097071,18,0.0225281602002503,185,4
2020-06-25,Pending,110,0.00289214912972603,46,0.0575719649561952,0,0
2020-06-26,0-10 years,1798,0.045583612209715,48,0.0340425531914894,3,0
2020-06-26,11-20 years,3733,0.094640502991583,131,0.0929078014184397,2,1
2020-06-26,21-30 years,8482,0.215039042693439,265,0.187943262411348,4,0
2020-06-26,31-40 years,8031,0.203605111043505,226,0.160283687943262,12,-1
2020-06-26,41-50 years,6579,0.166793428658351,161,0.114184397163121,26,0
2020-06-26,51-60 years,5162,0.130869080214988,136,0.0964539007092199,50,0
2020-06-26,61-70 years,2876,0.0729134976168746,85,0.0602836879432624,111,1
2020-06-26,71-80 years,1464,0.0371159111651962,33,0.0234042553191489,177,2
2020-06-26,81+ years,898,0.0227664537065206,14,0.0099290780141844,192,7
2020-06-26,Pending,421,0.0106733596998276,311,0.220567375886525,0,0
2020-06-27,0-10 years,1837,0.0457283680175246,39,0.0535714285714286,3,0
2020-06-27,11-20 years,3812,0.0948919645524246,79,0.108516483516484,1,-1
2020-06-27,21-30 years,8692,0.216369610674101,210,0.288461538461538,5,1
2020-06-27,31-40 years,8179,0.203599522055163,148,0.203296703296703,11,-1
2020-06-27,41-50 years,6690,0.166533904211889,111,0.152472527472527,26,0
2020-06-27,51-60 years,5273,0.131260579508115,111,0.152472527472527,51,1
2020-06-27,61-70 years,2926,0.0728368017524644,50,0.0686813186813187,112,1
2020-06-27,71-80 years,1494,0.0371900826446281,30,0.0412087912087912,180,3
2020-06-27,81+ years,915,0.0227770586478144,17,0.0233516483516484,195,3
2020-06-27,Pending,354,0.00881210793587573,-67,-0.092032967032967,0,0
2020-06-28,0-10 years,1898,0.05,61,0.0575,3,0
2020-06-28,11-20 years,3929,0.1,117,0.1103,1,0
2020-06-28,21-30 years,8986,0.22,294,0.2771,5,0
2020-06-28,31-40 years,8374,0.2,195,0.1838,11,0
2020-06-28,41-50 years,6870,0.17,180,0.1697,26,0
2020-06-28,51-60 years,5390,0.13,117,0.1103,52,1
2020-06-28,61-70 years,3002,0.07,76,0.0716,112,0
2020-06-28,71-80 years,1536,0.04,42,0.0396,182,2
2020-06-28,81+ years,934,0.02,19,0.0179,196,1
2020-06-28,Pending,314,0.01,-40,-0.0377,0,0
2020-06-29,0-10 years,1960,0.0463389838522827,123,0.0578823529411765,3,0
2020-06-29,11-20 years,4046,0.0956569023807835,234,0.110117647058824,1,0
2020-06-29,21-30 years,9281,0.219424545476038,589,0.277176470588235,5,0
2020-06-29,31-40 years,8569,0.202591200321536,390,0.183529411764706,11,0
2020-06-29,41-50 years,7051,0.166702130174717,361,0.169882352941176,26,0
2020-06-29,51-60 years,5508,0.130222001560394,235,0.110588235294118,52,1
2020-06-29,61-70 years,3078,0.0727711185190439,152,0.0715294117647059,113,1
2020-06-29,71-80 years,1579,0.0373312528075277,85,0.04,183,3
2020-06-29,81+ years,952,0.0225075064425373,37,0.0174117647058824,198,3
2020-06-29,Pending,273,0.00645435846513937,-81,-0.0381176470588235,0,0
2020-06-30,0-10 years,2020,0.0464271759865775,60,0.0495049504950495,3,0
2020-06-30,11-20 years,4161,0.0956353857822519,115,0.0948844884488449,1,0
2020-06-30,21-30 years,9587,0.220345215932336,306,0.252475247524752,5,0
2020-06-30,31-40 years,8817,0.202647728056264,248,0.204620462046205,11,0
2020-06-30,41-50 years,7256,0.166770093543864,205,0.169141914191419,26,0
2020-06-30,51-60 years,5654,0.12995012526144,146,0.12046204620462,55,3
2020-06-30,61-70 years,3169,0.0728355052977545,91,0.0750825082508251,114,1
2020-06-30,71-80 years,1627,0.0373945620446344,48,0.0396039603960396,189,6
2020-06-30,81+ years,972,0.0223402054747294,20,0.0165016501650165,200,2
2020-06-30,Pending,246,0.00565400262014756,-27,-0.0222772277227723,0,0
2020-07-01,0-10 years,2099,0.0463202030232815,79,0.0437430786267996,3,0
2020-07-01,11-20 years,4383,0.0967229394240318,222,0.122923588039867,0,-1
2020-07-01,21-30 years,10134,0.223634558093347,547,0.302879291251384,5,0
2020-07-01,31-40 years,9184,0.202670197506344,367,0.203211517165006,11,0
2020-07-01,41-50 years,7505,0.165618448637317,249,0.137873754152824,27,1
2020-07-01,51-60 years,5813,0.128279819044467,159,0.0880398671096345,55,0
2020-07-01,61-70 years,3277,0.0723160101511641,108,0.0598006644518272,115,1
2020-07-01,71-80 years,1670,0.0368531391371511,43,0.0238095238095238,190,1
2020-07-01,81+ years,1009,0.0222663577181949,37,0.0204872646733112,203,3
2020-07-01,Pending,241,0.00531832726470264,-5,-0.00276854928017719,0,0
2020-07-02,0-10 years,2152,0.0458946470462785,53,0.0336507936507937,3,0
2020-07-02,11-20 years,4567,0.0973981659202389,184,0.116825396825397,0,0
2020-07-02,21-30 years,10571,0.225442525058648,437,0.277460317460317,5,0
2020-07-02,31-40 years,9489,0.202367242482406,305,0.193650793650794,11,0
2020-07-02,41-50 years,7730,0.164853913414374,225,0.142857142857143,27,0
2020-07-02,51-60 years,6003,0.128023032629559,190,0.120634920634921,58,3
2020-07-02,61-70 years,3379,0.0720622734058435,102,0.0647619047619048,115,0
2020-07-02,71-80 years,1722,0.036724248240563,52,0.033015873015873,192,2
2020-07-02,81+ years,1036,0.0220942631691192,27,0.0171428571428571,209,6
2020-07-02,Pending,241,0.00513968863297078,0,0,0,0
2020-07-03,0-10 years,2230,0.0457792741008376,78,0.0428100987925357,4,1
2020-07-03,11-20 years,4776,0.098045656101166,209,0.114709110867179,0,0
2020-07-03,21-30 years,11032,0.226473969453112,461,0.253018660812294,6,1
2020-07-03,31-40 years,9833,0.201859911315487,344,0.188803512623491,11,0
2020-07-03,41-50 years,8019,0.164620627360815,289,0.158616904500549,28,1
2020-07-03,51-60 years,6208,0.127442929873542,205,0.11251372118551,59,1
2020-07-03,61-70 years,3507,0.0719945803908688,128,0.0702524698133919,116,1
2020-07-03,71-80 years,1806,0.0370750533749384,84,0.0461031833150384,195,3
2020-07-03,81+ years,1071,0.0219863688618821,35,0.0192096597145993,214,5
2020-07-03,Pending,230,0.00472162916735096,-11,-0.00603732162458836,0,0
2020-07-04,0-10 years,2279,0.0454527323494216,49,0.0343137254901961,4,0
2020-07-04,11-20 years,4927,0.0982648583964898,151,0.105742296918768,0,0
2020-07-04,21-30 years,11472,0.228799361786996,440,0.30812324929972,6,0
2020-07-04,31-40 years,10098,0.201396090945353,265,0.185574229691877,11,0
2020-07-04,41-50 years,8208,0.163701635420822,189,0.132352941176471,28,0
2020-07-04,51-60 years,6350,0.12664539289988,142,0.0994397759103641,60,1
2020-07-04,61-70 years,3598,0.0717590745911448,91,0.0637254901960784,116,0
2020-07-04,71-80 years,1859,0.0370761866773036,53,0.0371148459383754,196,1
2020-07-04,81+ years,1095,0.0218388512165935,24,0.0168067226890756,216,2
2020-07-04,Pending,254,0.00506581571599521,24,0.0168067226890756,0,0
2020-07-05,0-10 years,2332,0.0453423032801229,53,0.0410534469403563,4,0
2020-07-05,11-20 years,5084,0.0988508875969746,157,0.121611154144074,0,0
2020-07-05,21-30 years,11856,0.230522447551088,384,0.297443841982959,8,2
2020-07-05,31-40 years,10318,0.200618304135638,220,0.170410534469404,12,1
2020-07-05,41-50 years,8407,0.163461725418522,199,0.154144074360961,29,1
2020-07-05,51-60 years,6492,0.126227372596294,142,0.109992254066615,63,3
2020-07-05,61-70 years,3684,0.0716299508078785,86,0.0666150271107668,117,1
2020-07-05,71-80 years,1896,0.0368649258229473,37,0.0286599535243997,197,1
2020-07-05,81+ years,1110,0.0215823141684976,15,0.0116189000774593,216,0
2020-07-05,Pending,252,0.00489976862203729,-2,-0.00154918667699458,0,0
2020-07-06,0-10 years,2360,0.0452497363627648,28,0.0386740331491713,3,-1
2020-07-06,11-20 years,5173,0.0991851212731282,89,0.12292817679558,0,0
2020-07-06,21-30 years,12063,0.231291343111878,207,0.285911602209945,8,0
2020-07-06,31-40 years,10429,0.199961652765794,111,0.153314917127072,12,0
2020-07-06,41-50 years,8507,0.163109960694085,100,0.138121546961326,32,3
2020-07-06,51-60 years,6581,0.126181574153964,89,0.12292817679558,64,1
2020-07-06,61-70 years,3749,0.0718818905186463,65,0.0897790055248619,118,1
2020-07-06,71-80 years,1929,0.0369859073914294,33,0.0455801104972376,199,2
2020-07-06,81+ years,1122,0.0215127983894162,12,0.0165745856353591,217,1
2020-07-06,Pending,242,0.00464001533889368,-10,-0.0138121546961326,0,0
2020-07-07,0-10 years,2444,0.0456702918862354,84,0.0618101545253863,3,0
2020-07-07,11-20 years,5319,0.0993945509586276,146,0.107431935246505,0,0
2020-07-07,21-30 years,12463,0.23289232724147,400,0.294334069168506,9,1
2020-07-07,31-40 years,10639,0.198807788616063,210,0.154525386313466,13,1
2020-07-07,41-50 years,8702,0.162611653025377,195,0.143487858719647,32,0
2020-07-07,51-60 years,6742,0.125985723362111,161,0.118469462840324,65,1
2020-07-07,61-70 years,3855,0.0720372239040251,106,0.0779985283296542,123,5
2020-07-07,71-80 years,1987,0.037130470531076,58,0.0426784400294334,200,1
2020-07-07,81+ years,1144,0.0213775834361102,22,0.0161883738042678,220,3
2020-07-07,Pending,219,0.00409238703890571,-23,-0.0169242089771891,0,0
2020-07-08,0-10 years,2558,0.0456899939270532,114,0.0461165048543689,3,0
2020-07-08,11-20 years,5611,0.100221483942414,292,0.118122977346278,0,0
2020-07-08,21-30 years,13150,0.234880148608581,687,0.277912621359223,9,0
2020-07-08,31-40 years,11084,0.197978065945058,445,0.180016181229773,12,-1
2020-07-08,41-50 years,9069,0.161986925302754,367,0.148462783171521,32,0
2020-07-08,51-60 years,7008,0.125174150680527,266,0.107605177993528,66,1
2020-07-08,61-70 years,4015,0.0717143571607188,160,0.0647249190938511,128,5
2020-07-08,71-80 years,2060,0.0367949130139678,73,0.0295307443365696,208,8
2020-07-08,81+ years,1183,0.0211302825706427,39,0.0157766990291262,227,7
2020-07-08,Pending,248,0.0044296788482835,29,0.0117313915857605,0,0
2020-07-09,0-10 years,2635,0.0457536767897762,77,0.0479750778816199,3,0
2020-07-09,11-20 years,5786,0.100467086871213,175,0.109034267912773,0,0
2020-07-09,21-30 years,13550,0.235279818027122,400,0.249221183800623,10,1
2020-07-09,31-40 years,11357,0.197200951537567,273,0.170093457943925,12,0
2020-07-09,41-50 years,9297,0.161431473667761,228,0.142056074766355,34,2
2020-07-09,51-60 years,7232,0.125575176676911,224,0.139563862928349,68,2
2020-07-09,61-70 years,4142,0.0719209598722022,127,0.0791277258566978,136,8
2020-07-09,71-80 years,2125,0.0368981264433679,65,0.0404984423676012,216,8
2020-07-09,81+ years,1207,0.020958135819833,24,0.0149532710280374,231,4
2020-07-09,Pending,260,0.00451459429424737,12,0.00747663551401869,0,0
2020-07-10,0-10 years,2709,0.0454942397474222,74,0.0378516624040921,3,0
2020-07-10,11-20 years,6029,0.101249454203473,243,0.124296675191816,0,0
2020-07-10,21-30 years,14077,0.236405468041514,527,0.269565217391304,11,1
2020-07-10,31-40 years,11722,0.196856212004165,365,0.186700767263427,13,1
2020-07-10,41-50 years,9615,0.161471803311725,318,0.162659846547315,34,0
2020-07-10,51-60 years,7460,0.125281295133174,228,0.116624040920716,69,1
2020-07-10,61-70 years,4275,0.0717932354818124,133,0.0680306905370844,138,2
2020-07-10,71-80 years,2185,0.0366943203573708,60,0.030690537084399,221,5
2020-07-10,81+ years,1246,0.020924999160313,39,0.0199488491048593,234,3
2020-07-10,Pending,228,0.00382897255902999,-32,-0.0163682864450128,0,0
2020-07-11,0-10 years,2785,0.0456512474182867,76,0.0520547945205479,3,0
2020-07-11,11-20 years,6207,0.101744090745173,178,0.121917808219178,0,0
2020-07-11,21-30 years,14478,0.237320919253844,401,0.274657534246575,11,0
2020-07-11,31-40 years,11977,0.196324951644101,255,0.174657534246575,13,0
2020-07-11,41-50 years,9832,0.161164475625348,217,0.148630136986301,36,2
2020-07-11,51-60 years,7653,0.125446677375996,193,0.132191780821918,75,6
2020-07-11,61-70 years,4385,0.0718781759171229,110,0.0753424657534247,139,1
2020-07-11,71-80 years,2247,0.0368324427105531,62,0.0424657534246575,222,1
2020-07-11,81+ years,1272,0.0208504081565748,26,0.0178082191780822,239,5
2020-07-11,Pending,170,0.00278661115300134,-58,-0.0397260273972603,0,0
2020-07-12,0-10 years,2821,0.0455293737895416,36,0.0377358490566038,3,0
2020-07-12,11-20 years,6334,0.102227243382828,127,0.133123689727463,0,0
2020-07-12,21-30 years,14731,0.237750161394448,253,0.265199161425577,12,1
2020-07-12,31-40 years,12140,0.195932859909619,163,0.170859538784067,13,0
2020-07-12,41-50 years,9980,0.161071659134926,148,0.155136268343816,36,0
2020-07-12,51-60 years,7761,0.12525823111685,108,0.113207547169811,76,1
2020-07-12,61-70 years,4461,0.0719980632666236,76,0.079664570230608,139,0
2020-07-12,71-80 years,2284,0.0368624919302776,37,0.0387840670859539,223,1
2020-07-12,81+ years,1279,0.0206423499031633,7,0.00733752620545073,239,0
2020-07-12,Pending,169,0.00272756617172369,-1,-0.0010482180293501,0,0
2020-07-13,0-10 years,2969,0.0454851855256304,148,0.0446590223295112,3,0
2020-07-13,11-20 years,6740,0.103257039556332,406,0.122510561255281,0,0
2020-07-13,21-30 years,15610,0.239145754818151,879,0.265238382619191,12,0
2020-07-13,31-40 years,12710,0.194717651744952,570,0.171997585998793,14,1
2020-07-13,41-50 years,10458,0.160216931703282,478,0.144236572118286,37,1
2020-07-13,51-60 years,8130,0.124551888960382,369,0.111345805672903,76,0
2020-07-13,61-70 years,4694,0.0719122468364127,233,0.0703077851538926,139,0
2020-07-13,71-80 years,2422,0.0371051260838925,138,0.0416415208207604,226,3
2020-07-13,81+ years,1372,0.0210190887642859,93,0.028062764031382,242,3
2020-07-13,Pending,169,0.00258908600667954,0,0,0,0
2020-07-14,0-10 years,3025,0.0452925675271007,56,0.0369881109643329,3,0
2020-07-14,11-20 years,6933,0.103806072947236,193,0.127476882430647,0,0
2020-07-14,21-30 years,15984,0.23932442953824,374,0.247027741083223,13,1
2020-07-14,31-40 years,13002,0.194675690243756,292,0.192866578599736,14,0
2020-07-14,41-50 years,10674,0.159819129184884,216,0.142668428005284,37,0
2020-07-14,51-60 years,8308,0.124393603641373,178,0.117569352708058,80,4
2020-07-14,61-70 years,4795,0.071794334311553007,101,0.0667107001321004,146,7
2020-07-14,71-80 years,2483,0.0371773372462119,61,0.0402906208718626,228,2
2020-07-14,81+ years,1400,0.0209618494340301,28,0.0184940554821664,246,4
2020-07-14,Pending,184,0.00275498592561538,15,0.00990752972258917,0,0
2020-07-15,0-10 years,3120,0.045177451817958,95,0.0417949846018478,3,0
2020-07-15,11-20 years,7256,0.105066535381764,323,0.142102947646282,0,0
2020-07-15,21-30 years,16528,0.239324655015132,544,0.23933128024637,13,0
2020-07-15,31-40 years,13381,0.193756244479518,379,0.166739991201056,14,0
2020-07-15,41-50 years,11025,0.159641476375957,351,0.154421469423669,38,1
2020-07-15,51-60 years,8621,0.124831670552121,313,0.13770347558293,84,4
2020-07-15,61-70 years,4952,0.0717047248085026,157,0.0690717113946326,148,2
2020-07-15,71-80 years,2583,0.0374017173223672,100,0.043994720633524,229,1
2020-07-15,81+ years,1439,0.0208366516557826,39,0.0171579410470744,254,8
2020-07-15,Pending,156,0.0022588725908979,-28,-0.0123185217773867,0,0
2020-07-16,0-10 years,3238,0.0452613922281241,118,0.0475998386446148,3,0
2020-07-16,11-20 years,7647,0.106891249650545,391,0.157724889068173,0,0
2020-07-16,21-30 years,17151,0.239740005591278,623,0.251311012505042,12,-1
2020-07-16,31-40 years,13769,0.192465753424658,388,0.156514723678903,14,0
2020-07-16,41-50 years,11344,0.158568632932625,319,0.128680919725696,38,0
2020-07-16,51-60 years,8909,0.124531730500419,288,0.116175877369907,84,0
2020-07-16,61-70 years,5152,0.0720156555772994,200,0.0806776926179911,151,3
2020-07-16,71-80 years,2666,0.0372658652502097,83,0.0334812424364663,233,4
2020-07-16,81+ years,1491,0.0208414872798434,52,0.0209762000806777,261,7
2020-07-16,Pending,173,0.0024182275649986,17,0.00685760387252925,0,0
2020-07-17,0-10 years,3341,0.0452593505737005,103,0.0451952610794208,3,0
2020-07-17,11-20 years,7955,0.107763583901164,308,0.135146994295744,0,0
2020-07-17,21-30 years,17727,0.240141427003888,576,0.252742430890742,12,0
2020-07-17,31-40 years,14144,0.191603787642748,375,0.164545853444493,14,0
2020-07-17,41-50 years,11685,0.158292580500955,341,0.149627029398859,39,1
2020-07-17,51-60 years,9205,0.124696893753641,296,0.12988152698552,87,3
2020-07-17,61-70 years,5325,0.072135899971552,173,0.0759104870557262,154,3
2020-07-17,71-80 years,2750,0.0372532816754494,84,0.0368582711715665,237,4
2020-07-17,81+ years,1536,0.0208076511467237,45,0.0197455024133392,269,8
2020-07-17,Pending,151,0.00204554383017922,-22,-0.00965335673541027,0,0
2020-07-18,0-10 years,3474,0.0455093271850765,133,0.0528406833531983,3,0
2020-07-18,11-20 years,8278,0.108441626493398,323,0.128327373857767,0,0
2020-07-18,21-30 years,18318,0.239965416055334,591,0.234803337306317,12,0
2020-07-18,31-40 years,14575,0.190932194508489,431,0.171235597934048,14,0
2020-07-18,41-50 years,12070,0.158116747013205,385,0.152959872864521,40,1
2020-07-18,51-60 years,9501,0.124462900859359,296,0.117600317838697,93,6
2020-07-18,61-70 years,5513,0.0722201844477049,188,0.0746920937624156,158,4
2020-07-18,71-80 years,2839,0.0371908404946552,89,0.0353595550258244,240,3
2020-07-18,81+ years,1613,0.0211302661915741,77,0.0305919745729043,278,9
2020-07-18,Pending,155,0.0020304967512052,4,0.00158919348430671,0,0
2020-07-19,0-10 years,3578,0.045804262945657,104,0.058459808881394,3,0
2020-07-19,11-20 years,8529,0.10918517570249,251,0.141090500281057,0,0
2020-07-19,21-30 years,18730,0.239774691160469,412,0.23159078133783,12,0
2020-07-19,31-40 years,14881,0.190501184151571,306,0.172006745362563,14,0
2020-07-19,41-50 years,12317,0.157677782756193,247,0.138842046093311,41,1
2020-07-19,51-60 years,9695,0.124111886321449,194,0.109050028105677,94,1
2020-07-19,61-70 years,5646,0.0722780515906036,133,0.074761101742552,158,0
2020-07-19,71-80 years,2919,0.037367983101837,80,0.0449690837549185,243,3
2020-07-19,81+ years,1664,0.0213019266466108,51,0.0286677908937605,278,0
2020-07-19,Pending,156,0.00199705562311976,1,5.62113546936481e-4,0,0
2020-07-20,0-10 years,3647,0.0457281139503975,69,0.0420988407565589,3,0
2020-07-20,11-20 years,8757,0.109800135416405,228,0.139109212934716,0,0
2020-07-20,21-30 years,19112,0.239636883416506,382,0.23306894447834,12,0
2020-07-20,31-40 years,15143,0.189871354414826,262,0.159853569249542,14,0
2020-07-20,41-50 years,12603,0.15802342202272,286,0.174496644295302,41,0
2020-07-20,51-60 years,9884,0.123931088095895,189,0.115314215985357,94,0
2020-07-20,61-70 years,5760,0.0722220829049327,114,0.0695546064673581,159,1
2020-07-20,71-80 years,2999,0.0376031296235925,80,0.048810250152532,243,0
2020-07-20,81+ years,1691,0.0212026982972641,27,0.0164734594264796,281,3
2020-07-20,Pending,158,0.00198109185746169,2,0.0012202562538133,0,0
2020-07-21,0-10 years,3734,0.045567704773992,87,0.0397260273972603,3,0
2020-07-21,11-20 years,9067,0.11064873572195601,310,0.141552511415525,0,0
2020-07-21,21-30 years,19601,0.239199941423411,489,0.223287671232877,12,0
2020-07-21,31-40 years,15515,0.189336620130821,372,0.16986301369863,14,0
2020-07-21,41-50 years,12919,0.15765644830616,316,0.144292237442922,42,1
2020-07-21,51-60 years,10177,0.124194571902763,293,0.1337899543379,98,4
2020-07-21,61-70 years,5937,0.0724519183832861,177,0.0808219178082192,165,6
2020-07-21,71-80 years,3105,0.0378917309382017,106,0.0484018264840183,250,7
2020-07-21,81+ years,1745,0.0212950307527092,54,0.0246575342465753,287,6
2020-07-21,Pending,144,0.00175729766669921,-14,-0.00639269406392694,0,0
2020-07-22,0-10 years,3875,0.0459030763945651,141,0.0570157703194501,3,0
2020-07-22,11-20 years,9389,0.111221673359631,322,0.130206227254347,0,0
2020-07-22,21-30 years,20162,0.238838148714122,561,0.226849979781642,12,0
2020-07-22,31-40 years,15905,0.188409917433692,390,0.157703194500607,14,0
2020-07-22,41-50 years,13236,0.156793063008636,317,0.128184391427416,42,0
2020-07-22,51-60 years,10474,0.12407453475011,297,0.120097048119693,101,3
2020-07-22,61-70 years,6167,0.0730540057097504,230,0.0930044480388192,167,2
2020-07-22,71-80 years,3223,0.0381795136050795,118,0.0477153255155681,252,2
2020-07-22,81+ years,1819,0.0215477925062487,74,0.0299231702385766,297,10
2020-07-22,Pending,167,0.00197827451816577,23,0.00930044480388192,0,0
2020-07-23,0-10 years,3985,0.0458114430891972,110,0.0428015564202335,3,0
2020-07-23,11-20 years,9665,0.111108556450964,276,0.107392996108949,0,0
2020-07-23,21-30 years,20726,0.238265487946475,564,0.219455252918288,12,0
2020-07-23,31-40 years,16343,0.187878648533689,438,0.170428015564202,16,2
2020-07-23,41-50 years,13613,0.156494648625657,377,0.146692607003891,48,6
2020-07-23,51-60 years,10822,0.124409394507225,348,0.135408560311284,107,6
2020-07-23,61-70 years,6423,0.0738386195638429,256,0.0996108949416342,171,4
2020-07-23,71-80 years,3377,0.0388218929265293,154,0.0599221789883269,263,11
2020-07-23,81+ years,1869,0.0214859691678067,50,0.0194552529182879,305,8
2020-07-23,Pending,164,0.00188533918861439,-3,-0.00116731517509728,0,0
2020-07-24,0-10 years,4077,0.0457688767147893,92,0.0439980870396939,3,0
2020-07-24,11-20 years,9915,0.111306944475628,250,0.119560019129603,1,1
2020-07-24,21-30 years,21164,0.237589528278587,438,0.209469153515065,12,0
2020-07-24,31-40 years,16699,0.187464918386133,356,0.170253467240555,16,0
2020-07-24,41-50 years,13924,0.156312445272682,311,0.148732663797226,51,3
2020-07-24,51-60 years,11097,0.124576214104493,275,0.131516021042563,107,0
2020-07-24,61-70 years,6620,0.0743168908147915,197,0.0942132950741272,174,3
2020-07-24,71-80 years,3476,0.0390219807359842,99,0.0473457675753228,265,2
2020-07-24,81+ years,1933,0.0217000830732616,64,0.0306073648971784,309,4
2020-07-24,Pending,173,0.00194211814364939,9,0.00430416068866571,0,0
2020-07-25,0-10 years,4163,0.0458500374465836,86,0.050058207217695,4,1
2020-07-25,11-20 years,10135,0.111623860081942,220,0.128055878928987,1,0
2020-07-25,21-30 years,21554,0.237389312304507,390,0.227008149010477,12,0
2020-07-25,31-40 years,16982,0.187034671130887,283,0.164726426076834,16,0
2020-07-25,41-50 years,14215,0.156559760341865,291,0.169383003492433,55,4
2020-07-25,51-60 years,11293,0.124377725891008,196,0.114086146682189,111,4
2020-07-25,61-70 years,6753,0.0743755231507996,133,0.0774155995343423,179,5
2020-07-25,71-80 years,3556,0.0391647209128155,80,0.0465657741559953,273,8
2020-07-25,81+ years,1977,0.0217740869641834,44,0.0256111757857974,313,4
2020-07-25,Pending,168,0.00185030177540861,-5,-0.00291036088474971,0,0
2020-07-26,0-10 years,4366,0.0464784534150911,203,0.0646496815286624,3,-1
2020-07-26,11-20 years,10555,0.112363737012434,420,0.133757961783439,2,1
2020-07-26,21-30 years,22264,0.237012433997615,710,0.226114649681529,12,0
2020-07-26,31-40 years,17465,0.185924459206268,483,0.153821656050955,16,0
2020-07-26,41-50 years,14657,0.156031766308976,442,0.140764331210191,55,0
2020-07-26,51-60 years,11664,0.12416964741952,371,0.118152866242038,111,0
2020-07-26,61-70 years,7034,0.0748807698858797,281,0.0894904458598726,179,0
2020-07-26,71-80 years,3708,0.0394736842105263,152,0.0484076433121019,274,1
2020-07-26,81+ years,2047,0.0217914324646568,70,0.0222929936305732,315,2
2020-07-26,Pending,176,0.00187361607903253,8,0.00254777070063694,0,0
2020-07-27,0-10 years,4494,0.0465752572832136,128,0.0501370936153545,3,0
2020-07-27,11-20 years,10857,0.112520598202904,302,0.118292205248727,1,-1
2020-07-27,21-30 years,22863,0.236949289556322,599,0.234625930278104,12,0
2020-07-27,31-40 years,17879,0.185295733192385,414,0.162162162162162,15,-1
2020-07-27,41-50 years,15037,0.155841598524184,380,0.148844496670584,57,2
2020-07-27,51-60 years,11968,0.124034864077771,304,0.119075597336467,112,1
2020-07-27,61-70 years,7270,0.0753453761568676,236,0.0924402663533098,181,2
2020-07-27,71-80 years,3835,0.0397454632134233,127,0.0497453975714845,279,5
2020-07-27,81+ years,2112,0.0218885054254889,65,0.0254602428515472,318,3
2020-07-27,Pending,174,0.00180331436744085,-2,-7.83392087739914e-4,0,0
2020-07-28,0-10 years,4601,0.0464541012075441,107,0.0418786692759296,3,0
2020-07-28,11-20 years,11142,0.112495456564759,285,0.111545988258317,1,0
2020-07-28,21-30 years,23396,0.236218246435927,533,0.208610567514677,12,0
2020-07-28,31-40 years,18285,0.184614918622027,406,0.158904109589041,15,0
2020-07-28,41-50 years,15400,0.155486450466459,363,0.142074363992172,58,1
2020-07-28,51-60 years,12291,0.124096361213198,323,0.126418786692759,118,6
2020-07-28,61-70 years,7521,0.075935947659626,251,0.098238747553816,183,2
2020-07-28,71-80 years,3953,0.0399115544606438,118,0.0461839530332681,285,6
2020-07-28,81+ years,2181,0.0220205161342434,69,0.0270058708414873,324,6
2020-07-28,Pending,274,0.00276644723557207,100,0.0391389432485323,0,0
2020-07-29,0-10 years,4713,0.0467457499355299,112,0.062992125984252,3,0
2020-07-29,11-20 years,11346,0.112534962607367,204,0.114735658042745,1,0
2020-07-29,21-30 years,23707,0.235137172442522,311,0.174915635545557,12,0
2020-07-29,31-40 years,18603,0.184513300668505,318,0.178852643419573,18,3
2020-07-29,41-50 years,15669,0.155412509174585,269,0.151293588301462,58,0
2020-07-29,51-60 years,12517,0.12414949118248,226,0.12710911136108,120,2
2020-07-29,61-70 years,7697,0.0763424649382079,176,0.0989876265466817,190,7
2020-07-29,71-80 years,4057,0.0402392335006249,104,0.0584926884139483,290,5
2020-07-29,81+ years,2258,0.0223959056555117,77,0.0433070866141732,328,4
2020-07-29,Pending,255,0.00252920989466585,-19,-0.0106861642294713,0,0
2020-07-30,0-10 years,4837,0.0470200542426923,124,0.0605173255246462,3,0
2020-07-30,11-20 years,11599,0.112752865238989,253,0.123474865788189,2,1
2020-07-30,21-30 years,24120,0.234468411894509,413,0.201561737432894,12,0
2020-07-30,31-40 years,18950,0.184211293756258,347,0.169350902879453,18,0
2020-07-30,41-50 years,15962,0.155165206909625,293,0.142996583699366,59,1
2020-07-30,51-60 years,12783,0.12426242575653,266,0.129819424109322,119,-1
2020-07-30,61-70 years,7900,0.0767952095342711,203,0.0990727183992191,193,3
2020-07-30,71-80 years,4166,0.0404973218885789,109,0.0531966813079551,295,5
2020-07-30,81+ years,2315,0.0225039126673212,57,0.0278184480234261,332,4
2020-07-30,Pending,239,0.00232329811122668,-16,-0.00780868716447047,0,0
2020-07-31,0-10 years,4984,0.0470370615049217,147,0.0476036269430052,3,0
2020-07-31,11-20 years,11974,0.113005974008815,375,0.121437823834197,1,-1
2020-07-31,21-30 years,24777,0.233835728914014,657,0.212759067357513,11,-1
2020-07-31,31-40 years,19456,0.183618191942166,506,0.163860103626943,17,-1
2020-07-31,41-50 years,16461,0.15535254202097,499,0.161593264248705,60,1
2020-07-31,51-60 years,13201,0.124585924744477,418,0.135362694300518,120,1
2020-07-31,61-70 years,8189,0.0772846100850329,289,0.0935880829015544,199,6
2020-07-31,71-80 years,4306,0.0406383601204239,140,0.0453367875647668,307,12
2020-07-31,81+ years,2386,0.0225181438103417,71,0.0229922279792746,342,10
2020-07-31,Pending,225,0.00212346284883776,-14,-0.00453367875647668,0,0
2020-08-01,0-10 years,5140,0.0475116468239296,156,0.0701123595505618,3,0
2020-08-01,11-20 years,12287,0.113575020335724,313,0.140674157303371,1,0
2020-08-01,21-30 years,25196,0.232899504547807,419,0.188314606741573,11,0
2020-08-01,31-40 years,19800,0.183021518893737,344,0.154606741573034,18,1
2020-08-01,41-50 years,16779,0.155096871995859,318,0.142921348314607,60,0
2020-08-01,51-60 years,13508,0.124861347334171,307,0.137977528089888,120,0
2020-08-01,61-70 years,8383,0.0774883531760704,194,0.0871910112359551,200,1
2020-08-01,71-80 years,4424,0.0408932929083783,118,0.0530337078651685,308,1
2020-08-01,81+ years,2437,0.022526436441618,51,0.0229213483146067,346,4
2020-08-01,Pending,230,0.00212600754270502,5,0.00224719101123596,0,0
2020-08-02,0-10 years,5218,0.0475977633247284,78,0.0540540540540541,3,0
2020-08-02,11-20 years,12507,0.114086858164503,220,0.152460152460152,1,0
2020-08-02,21-30 years,25475,0.23237888476379,279,0.193347193347193,11,0
2020-08-02,31-40 years,20023,0.182646610780191,223,0.154539154539155,18,0
2020-08-02,41-50 years,16984,0.154925337736142,205,0.142065142065142,60,0
2020-08-02,51-60 years,13690,0.124877995384349,182,0.126126126126126,121,1
2020-08-02,61-70 years,8525,0.0777636896020141,142,0.0984060984060984,200,0
2020-08-02,71-80 years,4507,0.0411121347843141,83,0.0575190575190575,312,4
2020-08-02,81+ years,2468,0.0225127021627884,31,0.0214830214830215,347,1
2020-08-02,Pending,230,0.00209802329718044,0,0,0,0
2020-08-03,0-10 years,5258,0.0475252178314473,40,0.0396432111000991,3,0
2020-08-03,11-20 years,12625,0.114112946961206,118,0.116947472745292,1,0
2020-08-03,21-30 years,25661,0.231940778770021,186,0.184340931615461,12,1
2020-08-03,31-40 years,20176,0.182363787555588,153,0.151635282457879,20,2
2020-08-03,41-50 years,17133,0.154859177844463,149,0.147670961347869,60,0
2020-08-03,51-60 years,13827,0.124977403376839,137,0.135777998017839,121,0
2020-08-03,61-70 years,8632,0.0780216204490401,107,0.106045589692765,205,5
2020-08-03,71-80 years,4575,0.0413518203839618,68,0.0673934588701685,321,9
2020-08-03,81+ years,2524,0.022813550742977,56,0.0555004955401388,349,2
2020-08-03,Pending,225,0.00203369608445714,-5,-0.00495540138751239,0,0
2020-08-04,0-10 years,5345,0.0475360411237894,87,0.0481994459833795,4,1
2020-08-04,11-20 years,12865,0.11441556016044,240,0.132963988919668,1,0
2020-08-04,21-30 years,26039,0.231579228217465,378,0.209418282548476,12,0
2020-08-04,31-40 years,20480,0.182139966738112,304,0.168421052631579,19,-1
2020-08-04,41-50 years,17401,0.154756716855951,268,0.148476454293629,63,3
2020-08-04,51-60 years,14051,0.124963314093614,224,0.12409972299169,122,1
2020-08-04,61-70 years,8810,0.0783522024884162,178,0.0986149584487535,211,6
2020-08-04,71-80 years,4652,0.041372808850864,77,0.0426592797783934,326,5
2020-08-04,81+ years,2575,0.0229008991382147,51,0.0282548476454294,359,10
2020-08-04,Pending,223,0.00198326233313471,-2,-0.00110803324099723,0,0
2020-08-05,0-10 years,5428,0.0475731388806114,83,0.0500905250452625,3,-1
2020-08-05,11-20 years,13094,0.114760994934179,229,0.138201569100785,1,0
2020-08-05,21-30 years,26368,0.231099581061894,329,0.1985515992758,12,0
2020-08-05,31-40 years,20743,0.181799856263913,263,0.15872057936029,21,2
2020-08-05,41-50 years,17658,0.154761696085821,257,0.155099577549789,63,0
2020-08-05,51-60 years,14248,0.124875107363845,197,0.11888955944478,125,3
2020-08-05,61-70 years,8965,0.0785728058335817,155,0.0935425467712734,220,9
2020-08-05,71-80 years,4750,0.0416308787182948,98,0.0591430295715148,333,7
2020-08-05,81+ years,2630,0.0230503602166559,55,0.0331925165962583,366,7
2020-08-05,Pending,214,0.00187558064120318,-9,-0.00543150271575136,0,0
2020-08-06,0-10 years,5570,0.047872797593468,142,0.0630550621669627,3,0
2020-08-06,11-20 years,13372,0.114929093253116,278,0.123445825932504,1,0
2020-08-06,21-30 years,26783,0.230193382036957,415,0.184280639431616,12,0
2020-08-06,31-40 years,21116,0.181486892995273,373,0.16563055062167,23,2
2020-08-06,41-50 years,18003,0.154731413837559,345,0.153197158081705,65,2
2020-08-06,51-60 years,14570,0.12522561237645,322,0.142984014209591,126,1
2020-08-06,61-70 years,9158,0.0787107864202836,193,0.0857015985790408,234,14
2020-08-06,71-80 years,4872,0.0418736570691878,122,0.0541740674955595,344,11
2020-08-06,81+ years,2695,0.0231628706489042,65,0.0288632326820604,378,12
2020-08-06,Pending,211,0.00181349376880103,-3,-0.00133214920071048,0,0
2020-08-07,0-10 years,5676,0.0477850179320099,106,0.0435855263157895,4,1
2020-08-07,11-20 years,13698,0.115320503106531,326,0.134046052631579,1,0
2020-08-07,21-30 years,27287,0.229723358758061,504,0.207236842105263,12,0
2020-08-07,31-40 years,21464,0.180700779579398,348,0.143092105263158,24,1
2020-08-07,41-50 years,18377,0.154711993399673,374,0.153782894736842,66,1
2020-08-07,51-60 years,14899,0.125431462679531,329,0.135279605263158,126,0
2020-08-07,61-70 years,9393,0.0790776380259635,235,0.0966282894736842,244,10
2020-08-07,71-80 years,5016,0.0422286204980553,144,0.0592105263157895,348,4
2020-08-07,81+ years,2758,0.0232190062467377,63,0.0259046052631579,381,3
2020-08-07,Pending,214,0.00180161977403984,3,0.00123355263157895,0,0
2020-08-08,0-10 years,5777,0.0479081146079529,101,0.0560177481974487,4,0
2020-08-08,11-20 years,13922,0.115453829249077,224,0.124237382140876,1,0
2020-08-08,21-30 years,27635,0.229174441265497,348,0.193011647254576,12,0
2020-08-08,31-40 years,21750,0.180370692872248,286,0.158624514697726,24,0
2020-08-08,41-50 years,18626,0.154463656341999,249,0.138103161397671,67,1
2020-08-08,51-60 years,15137,0.125529709333665,238,0.132002218524681,128,2
2020-08-08,61-70 years,9578,0.0794294481071443,185,0.102606766500277,245,1
2020-08-08,71-80 years,5128,0.0425260189907534,112,0.0621186910704382,349,1
2020-08-08,81+ years,2820,0.0233859932827466,62,0.0343871325568497,385,4
2020-08-08,Pending,212,0.0017580959489157,-2,-0.00110926234054354,0,0
